location,id
Afghanistan,"7f91bf87-b2d2-43c1-9f45-79114a1e58e9,7f91bf87-b2d2-43c1-9f45-79114a1e58e9,7f91bf87-b2d2-43c1-9f45-79114a1e58e9"
Aland Islands,"78b070c2-44cc-440c-a533-0c2db94fd2e4,78b070c2-44cc-440c-a533-0c2db94fd2e4,78b070c2-44cc-440c-a533-0c2db94fd2e4"
Albania,"a1301998-d2d3-4827-84f3-6d32491fff5e,fef784c0-dde6-4e48-b2bb-8f0d4dd62770,52750cb3-cc86-4e09-a580-b3f080cb7c8e,904553fc-f799-4e43-a796-e04e76840cab,904553fc-f799-4e43-a796-e04e76840cab,904553fc-f799-4e43-a796-e04e76840cab,85060b39-7dd7-40d4-a84f-468f63286d0b,0a5b90e6-b3a7-40d8-b949-0454e4f2eb6c,0a5b90e6-b3a7-40d8-b949-0454e4f2eb6c,0a5b90e6-b3a7-40d8-b949-0454e4f2eb6c,3e8842fd-bcdc-46c2-bbdf-e9b81373a1f8,3e8842fd-bcdc-46c2-bbdf-e9b81373a1f8,3e8842fd-bcdc-46c2-bbdf-e9b81373a1f8,23ffab70-a7cd-4bd3-bb03-02f0bf0ffc12,23ffab70-a7cd-4bd3-bb03-02f0bf0ffc12"
American Samoa,9f481f67-9d54-4648-b1c4-9dec6c52ee34
Angola,"aa46c42b-7073-478e-a11e-262f821c3f1b,aa46c42b-7073-478e-a11e-262f821c3f1b,aa46c42b-7073-478e-a11e-262f821c3f1b"
Argentina,"1032a3f9-3290-40fd-906d-eefe53b13851,5d128ca5-84e1-4cdf-a960-935b52efb9ec,62a7d1d9-7ea8-4e74-a75f-1e7918cba85b,62a7d1d9-7ea8-4e74-a75f-1e7918cba85b,62a7d1d9-7ea8-4e74-a75f-1e7918cba85b,4c5d177e-ffe1-40e9-88e6-0eb650c66ce7,0aa281ed-470d-4213-9b60-a2f6019f6f6b,92ea6599-5973-4424-acd4-914ade0c9573,92ea6599-5973-4424-acd4-914ade0c9573,92ea6599-5973-4424-acd4-914ade0c9573,04261b55-12f7-437b-885e-d76f22cc84ca,bdc6b6d2-c583-4a1c-ba68-3bfa12e880ef,5cca9ee2-691b-4e2d-bf80-64197c47e276,c9126756-289e-41f9-846d-90387283b99a,792a99e8-3249-4c90-bfe3-9f34a355fd5b,792a99e8-3249-4c90-bfe3-9f34a355fd5b,99b65432-1ccf-4ae4-ba5e-7eb1a1c7678e,a79cffc6-6cc5-442e-a59f-e039f9aa9936,a79cffc6-6cc5-442e-a59f-e039f9aa9936,a79cffc6-6cc5-442e-a59f-e039f9aa9936"
Armenia,"b7df83b1-c11a-4383-b849-14076a2aeb23,2b1cc159-8fc5-43d7-8cb2-f3f10011ac02,2b1cc159-8fc5-43d7-8cb2-f3f10011ac02,2b1cc159-8fc5-43d7-8cb2-f3f10011ac02,e4c7b0ea-466e-4ada-afef-2f1d475be165,e4c7b0ea-466e-4ada-afef-2f1d475be165,fe320d20-5657-47f9-929f-89ed3798f7eb,fe320d20-5657-47f9-929f-89ed3798f7eb,fe320d20-5657-47f9-929f-89ed3798f7eb,5a98d56e-432c-475e-b0c6-08cf555280c4,4736af61-0d13-42db-8bb7-3b71d24db683"
Azerbaijan,"eb21f364-2906-4c5d-a776-a5e43d902a4d,eb21f364-2906-4c5d-a776-a5e43d902a4d,16a05619-b7dc-40d6-8297-8f07fbc2b6e8,ea52a827-b348-4cec-9de4-c28d02f4e9a8,823aa6ad-de6f-4eea-8640-0d6f4ddfc25f,823aa6ad-de6f-4eea-8640-0d6f4ddfc25f"
Bahamas,0424417f-e6a7-48cb-9ccc-fdd00f98b51c
Belarus,"9d1c1ca1-2eb8-4c0e-8f09-be038543c9e4,9d1c1ca1-2eb8-4c0e-8f09-be038543c9e4,9d1c1ca1-2eb8-4c0e-8f09-be038543c9e4,0860db2f-0d0d-4e65-81fe-13a8cf50536a"
Bolivia,"ea8d45d9-45e4-4056-b286-cc64201de1af,5df05c19-a89c-40aa-ab5f-b7aa163788be,5df05c19-a89c-40aa-ab5f-b7aa163788be,5df05c19-a89c-40aa-ab5f-b7aa163788be,ff6de0a8-4240-434e-9059-819ac7a5c2f3"
Bosnia and Herzegovina,"7511ff61-6cee-4821-b832-e2eb18f97f65,fbcafe64-cd15-4047-b5ec-1275628b956e"
Brazil,"bfc83844-83bb-4b0f-955b-1ff939c10972,bfc83844-83bb-4b0f-955b-1ff939c10972,fe43a363-21c9-4127-9bb4-4ab312ab2aec,fe43a363-21c9-4127-9bb4-4ab312ab2aec,bcc9642d-4c33-442c-9f4d-2ca6279fd07d,bcc9642d-4c33-442c-9f4d-2ca6279fd07d,da57c072-86df-413c-9ca8-11e2e1db1688,5ea486bc-b97b-40d4-8bcd-0601a955329c,528a7b8d-7889-4dee-8c93-3032eb632a74,528a7b8d-7889-4dee-8c93-3032eb632a74,ef750c37-6708-496b-ac49-6cfdb87417da,ef750c37-6708-496b-ac49-6cfdb87417da,2c5ecd42-25c5-4179-9f83-e75e6d45c8d4,8cb8e3ed-3817-4edd-aa44-4aa8274f7953,8cb8e3ed-3817-4edd-aa44-4aa8274f7953,8cb8e3ed-3817-4edd-aa44-4aa8274f7953,effd2eb4-4c96-4034-961e-7b07fb28d72d,effd2eb4-4c96-4034-961e-7b07fb28d72d,effd2eb4-4c96-4034-961e-7b07fb28d72d,e611afac-18c8-47c2-8ff8-f8dbd4ef5cdd,2bf55219-4f39-4309-96dc-fb1574821b9a,36e1d9c7-b2e4-490e-91f0-29cfb98c3fc3,36e1d9c7-b2e4-490e-91f0-29cfb98c3fc3,e9744277-8814-45d2-b673-18387d8fd8e5,e9744277-8814-45d2-b673-18387d8fd8e5,e9744277-8814-45d2-b673-18387d8fd8e5,7398765b-9be5-46e7-ae97-253950db0596,7398765b-9be5-46e7-ae97-253950db0596,7398765b-9be5-46e7-ae97-253950db0596,b5a1f9ac-c4bd-41f3-a24b-c44f8d808e8a,59a71fe7-f07e-413a-9075-eb0c5e2fe6d2,12e79e6a-7811-485b-8c6a-747aa50d2139,12e79e6a-7811-485b-8c6a-747aa50d2139,f404d480-8a4f-4767-af96-991a243fa0cd,12f8eb47-005e-41b3-ac33-ffe1f684b555,12f8eb47-005e-41b3-ac33-ffe1f684b555,949e8e56-f2ba-4f35-b42f-b6f7aa1d7778,949e8e56-f2ba-4f35-b42f-b6f7aa1d7778,949e8e56-f2ba-4f35-b42f-b6f7aa1d7778,54986b51-0334-4000-a733-54ead59815e8,54986b51-0334-4000-a733-54ead59815e8,0626119f-bb0d-4a1d-acef-4ed4226ec4c2,71f0a801-473c-414b-a971-766db2f252c3,34cc0715-3739-4c4c-ab20-3c0cf52f01cb,4cb7f1b2-0c67-47d8-89b1-dfe217a06b96,4cb7f1b2-0c67-47d8-89b1-dfe217a06b96,945abf73-f095-4c54-9f1c-ac074a060215,945abf73-f095-4c54-9f1c-ac074a060215,945abf73-f095-4c54-9f1c-ac074a060215,48a6ee09-d868-4746-b952-c7ac4ebabcc2,5f84bf74-8c83-40a1-ac7d-7d28b0d8a33d,5f84bf74-8c83-40a1-ac7d-7d28b0d8a33d,4522db78-0eef-4b6b-ab51-eef318fd9cbc,f21c78bb-8350-4598-b128-279e882d6459,f21c78bb-8350-4598-b128-279e882d6459,f21c78bb-8350-4598-b128-279e882d6459,4877922d-6e83-4e17-8b92-a8565b8eab9f,a3ceb484-a7b8-46fd-8fa1-d82c5799fddd,619910ab-9853-4c14-a5bf-97a229a84fa1,2f325955-9919-494d-a039-0b6865a2a71d,eb83fb71-7a94-4f0d-b992-2953477cdbea,5746b84b-599e-40d4-b90a-2432a3264684,765817e9-ccc8-4c1c-ae2e-e5ea9f2a582c,765817e9-ccc8-4c1c-ae2e-e5ea9f2a582c,765817e9-ccc8-4c1c-ae2e-e5ea9f2a582c,b511f79f-38b1-407a-8525-396fa83c6c6a,b511f79f-38b1-407a-8525-396fa83c6c6a,b511f79f-38b1-407a-8525-396fa83c6c6a,d23c26a8-d56e-406b-8f8a-54f2efc42853"
Bulgaria,48f7e152-2ca4-4360-bf7a-28fd8159d26f
Burkina Faso,"f66f24c8-311b-45a6-afa7-b39ffd247e55,f66f24c8-311b-45a6-afa7-b39ffd247e55,f66f24c8-311b-45a6-afa7-b39ffd247e55"
Burundi,b5c18b05-13d8-4f0b-87c9-6bb76d7cb5ff
Cameroon,"be2a3467-7a95-4da4-a6be-594f07a7430e,9398229b-2212-41d1-8477-dd15f448c987,9398229b-2212-41d1-8477-dd15f448c987,9398229b-2212-41d1-8477-dd15f448c987"
Canada,"c5116390-5b47-41d4-b421-3fcfeece8ecf,c5116390-5b47-41d4-b421-3fcfeece8ecf,fd344a8c-a3c6-420b-ae93-e6c410f1232e,fa06ffaf-5ebf-4986-8f64-c56775865196,fa06ffaf-5ebf-4986-8f64-c56775865196,fa06ffaf-5ebf-4986-8f64-c56775865196,5cfe6b2a-96c2-4eed-9c40-2137f2ff5e7f,902871f1-b697-4bd2-93f2-6289d5148aa7,8fddfe26-dc67-4401-82d1-9546e83f1a76,8fddfe26-dc67-4401-82d1-9546e83f1a76,8fddfe26-dc67-4401-82d1-9546e83f1a76,ceca4762-cfc2-4b0c-8f5a-ed93c6f16109,ceca4762-cfc2-4b0c-8f5a-ed93c6f16109,ceca4762-cfc2-4b0c-8f5a-ed93c6f16109,afc7de84-ad17-46df-a021-e714fbef27f4,972ac2e3-a8ab-4917-a5f7-8271817fa703,d276d7b3-12b3-4443-bb8a-18edf9b691ea,196cf435-342b-4222-8dd8-79723e8f5f28,ced9f59b-28a9-4cf2-af73-9da01dec2fb9,eb3c6421-a207-46ac-ad82-966a49fa0590,eb3c6421-a207-46ac-ad82-966a49fa0590,eb3c6421-a207-46ac-ad82-966a49fa0590,409ac7eb-1277-4d64-83d9-62a76f4583a8,f96ba450-5191-478f-bf41-ba54ddb4824e,f96ba450-5191-478f-bf41-ba54ddb4824e,de6ccfb2-eaed-46e9-9b73-7f11b4e2746c,de6ccfb2-eaed-46e9-9b73-7f11b4e2746c,43ccda9d-df67-4208-ac64-67f6743495b5,43ccda9d-df67-4208-ac64-67f6743495b5,43ccda9d-df67-4208-ac64-67f6743495b5,cb5d1348-d9f4-4267-8636-baaf29ca96ae,cb5d1348-d9f4-4267-8636-baaf29ca96ae,cb5d1348-d9f4-4267-8636-baaf29ca96ae"
Central African Republic,"01b1058a-2f1a-4881-ac87-521cb99354c9,01b1058a-2f1a-4881-ac87-521cb99354c9,a6159ca5-9c5f-4273-9302-253a3b10052c,7e6ad677-ac7e-4a82-8347-0476904f8938,7e6ad677-ac7e-4a82-8347-0476904f8938,7e6ad677-ac7e-4a82-8347-0476904f8938"
Chile,"9487efc4-bc9e-4f4a-89b4-f04a92103750,9487efc4-bc9e-4f4a-89b4-f04a92103750,9487efc4-bc9e-4f4a-89b4-f04a92103750,0e2961ff-874d-4315-af66-0d7b72a23f0f,629a52af-c7aa-46ae-ad71-0ac62c9e1395,629a52af-c7aa-46ae-ad71-0ac62c9e1395,629a52af-c7aa-46ae-ad71-0ac62c9e1395"
China,"91aa366e-a54f-417b-8bce-6ec06d485ba9,91aa366e-a54f-417b-8bce-6ec06d485ba9,533f6b01-050f-476c-a76d-4d8531b5413b,533f6b01-050f-476c-a76d-4d8531b5413b,c14ac2d6-a0d6-4d6b-8d4b-18102c3f843c,f1cedab1-bed7-4472-8a69-d843ec038023,f1cedab1-bed7-4472-8a69-d843ec038023,0bb3c08e-11e6-4dd8-976e-cd33efc781c6,0bb3c08e-11e6-4dd8-976e-cd33efc781c6,0bb3c08e-11e6-4dd8-976e-cd33efc781c6,34e7cc3d-f633-407d-9cde-5567f59eaaf5,bcca9e02-9b78-4bc4-9dbb-4090ec1ac99b,43611cd9-fd2d-41a0-85c4-b2082db1fa68,43611cd9-fd2d-41a0-85c4-b2082db1fa68,43611cd9-fd2d-41a0-85c4-b2082db1fa68,f44211d6-d95b-4ef5-a702-d9255dcb1a73,50fe09d9-d7d4-4681-b276-44511e247f81,50fe09d9-d7d4-4681-b276-44511e247f81,56fd0882-704b-49d8-8ac1-88335945b164,4f3f03f5-23f6-45a0-b56c-d835e462d5d0,8b8da4b6-b1c6-4fa8-b560-0ff8955c5564,8fd188a0-c018-4236-865d-938272a6e831,8fd188a0-c018-4236-865d-938272a6e831,07dea857-d96a-4e4e-8c88-3ea52cf2dade,07dea857-d96a-4e4e-8c88-3ea52cf2dade,07dea857-d96a-4e4e-8c88-3ea52cf2dade,74ed9d1b-4d79-44bf-be22-efa39ff4e4a6,74ed9d1b-4d79-44bf-be22-efa39ff4e4a6,74ed9d1b-4d79-44bf-be22-efa39ff4e4a6,5bb63028-cc60-4421-a162-4976a382ea20,5bb63028-cc60-4421-a162-4976a382ea20,69b691c6-420a-45e9-9df9-ec2bc7a1ff4e,69b691c6-420a-45e9-9df9-ec2bc7a1ff4e,69b691c6-420a-45e9-9df9-ec2bc7a1ff4e,77b549a4-43cd-4ff7-90ea-efaf17d76608,77b549a4-43cd-4ff7-90ea-efaf17d76608,190c89a3-687a-48b6-974b-bdca383d30c6,02ee50c0-aa6c-45e5-b28c-443119e6e38d,abe224ff-9eb3-4b26-9b8c-27267fb20bfe,abe224ff-9eb3-4b26-9b8c-27267fb20bfe,abe224ff-9eb3-4b26-9b8c-27267fb20bfe,68478da6-921e-404e-a3c9-3d4510f1769b,68478da6-921e-404e-a3c9-3d4510f1769b,de5da7d0-ed79-490c-814b-47a15d964083,21a64e5a-3be5-4e37-b8b7-a4d27720631a,f70b45f2-5c02-4aef-b99c-f78530ab1330,4619c987-3e4e-4fb3-88d9-c105ad3c0f14,4619c987-3e4e-4fb3-88d9-c105ad3c0f14,4619c987-3e4e-4fb3-88d9-c105ad3c0f14,3ac67496-4c6f-48a8-b9c0-5d693cc32733,3ac67496-4c6f-48a8-b9c0-5d693cc32733,3ac67496-4c6f-48a8-b9c0-5d693cc32733,99943e30-3400-4110-a664-3a7fbe854e66,99943e30-3400-4110-a664-3a7fbe854e66,2cd00616-1590-4100-b991-d76f6f3559e7,2cd00616-1590-4100-b991-d76f6f3559e7,01f51a40-c343-4dfb-99b9-7911aad425de,de1e8896-4a72-42cb-95d4-e7f0ec99c665,c61beb47-2b92-4253-89a6-b12ef74f8ad2,d678cc8c-185f-4a4d-8a9a-ff7b0101586e,54462397-65ff-4104-8c96-7ac98ea5fa73,54462397-65ff-4104-8c96-7ac98ea5fa73,54462397-65ff-4104-8c96-7ac98ea5fa73,8635677a-16db-485f-874f-b5896df7803f,8635677a-16db-485f-874f-b5896df7803f,8635677a-16db-485f-874f-b5896df7803f,8f84936c-bc12-4062-8228-7e2a98242a57,8f84936c-bc12-4062-8228-7e2a98242a57,8f84936c-bc12-4062-8228-7e2a98242a57,e0b445da-8fac-46c5-b584-99c15a1e852e,e0b445da-8fac-46c5-b584-99c15a1e852e,e0b445da-8fac-46c5-b584-99c15a1e852e,1b78b458-fa4f-48ee-b785-07ca44ee2743,83f92e01-db2f-446e-bfeb-391fb2690ef7,5517e57f-2eba-425e-b2dd-e704df54c5d6,5517e57f-2eba-425e-b2dd-e704df54c5d6,5517e57f-2eba-425e-b2dd-e704df54c5d6,2b041b12-90af-4a47-9de7-7e404b877133,64c1dc80-0d62-4b19-910b-9f08ca275eaf,884e17c5-228d-4fae-9572-f15ca25728be,a2291dd6-f4fb-4a5e-8946-aa5ce6bdcde6,2f7fad1c-d168-415e-9a74-efc876f59d17,2f7fad1c-d168-415e-9a74-efc876f59d17,03040023-4f4b-47e5-80bd-c75d1f4c3ffd,407755e9-2616-4ce7-9d78-70b9fccae972,407755e9-2616-4ce7-9d78-70b9fccae972,407755e9-2616-4ce7-9d78-70b9fccae972,3fde9e15-5a87-4295-9559-c3928ab5b490,3fde9e15-5a87-4295-9559-c3928ab5b490,3fde9e15-5a87-4295-9559-c3928ab5b490,9440aa21-de4c-4a15-b607-e099878c3de9,9440aa21-de4c-4a15-b607-e099878c3de9,9440aa21-de4c-4a15-b607-e099878c3de9,a05c68a0-9d1b-460b-ab80-5bb639e45e4e,8b586e98-4138-43ae-a064-258651a40a9e,ff778c9d-4eda-44fb-86de-3d2bd9a61c4d,b9eb4cd5-7512-4017-afeb-acc4f9602b88,f175f929-6cc5-4aa0-99b4-673de6bb274a,f8983aa6-5cda-42a7-900f-620a5910c44b,f8983aa6-5cda-42a7-900f-620a5910c44b,f8983aa6-5cda-42a7-900f-620a5910c44b,006c8638-14ad-4c65-b971-c51abfda19a0,d3e40624-9e85-49bc-a856-d2cf078205c7,d3e40624-9e85-49bc-a856-d2cf078205c7,bd3f19fd-47bd-4f03-b44b-2c2fd9e5f8a4,bd3f19fd-47bd-4f03-b44b-2c2fd9e5f8a4,9fe004ba-86e9-438d-ab9f-071be7919197,3ca7a18d-4cbf-41f0-abe1-510af94455e3,3ca7a18d-4cbf-41f0-abe1-510af94455e3,3ca7a18d-4cbf-41f0-abe1-510af94455e3,2a7baf26-29a4-42a0-bae5-61a162c9b724,2a7baf26-29a4-42a0-bae5-61a162c9b724,2a7baf26-29a4-42a0-bae5-61a162c9b724,a56925a7-de19-4081-9812-2799eb3a9881,a56925a7-de19-4081-9812-2799eb3a9881,88b62f52-eb2e-4eda-868c-2b78cf30d2ac,92abc9a8-87b3-4085-9413-aaf545260dd7,92abc9a8-87b3-4085-9413-aaf545260dd7,92abc9a8-87b3-4085-9413-aaf545260dd7,ec1eb28b-1c17-49b4-8d77-26e5352c12c8,ec1eb28b-1c17-49b4-8d77-26e5352c12c8,ec1eb28b-1c17-49b4-8d77-26e5352c12c8,3fd6828d-dfdb-4e10-a2e6-153ea74d1de7,3fd6828d-dfdb-4e10-a2e6-153ea74d1de7,3fd6828d-dfdb-4e10-a2e6-153ea74d1de7,a7307727-9551-4d61-b444-1a85e6032096,a7307727-9551-4d61-b444-1a85e6032096,7e39b93d-2b6c-409e-a64f-afa45de0d7f4,12dbc842-c905-4f6f-b3db-49785fa72215,12dbc842-c905-4f6f-b3db-49785fa72215,12dbc842-c905-4f6f-b3db-49785fa72215,e132e432-7af5-4744-860a-fd8bddab27b9,da3e04f3-3862-4d47-b09d-79466ecf1f12,335c15f6-4d1d-445d-82f3-bc658df377d7,23ae8d7a-a06c-4cf2-a8bb-cf99179ca526,6d6e66cf-1ba7-4209-9b99-348dd3e84393,6d6e66cf-1ba7-4209-9b99-348dd3e84393,278ac720-a8e2-415f-9ddf-95b17a7d6bcc,278ac720-a8e2-415f-9ddf-95b17a7d6bcc,278ac720-a8e2-415f-9ddf-95b17a7d6bcc,1f9b4b46-55ce-491f-891d-0f857f28f92c,1f9b4b46-55ce-491f-891d-0f857f28f92c,772a10e1-506b-45bd-b079-c6f14fc6802b,772a10e1-506b-45bd-b079-c6f14fc6802b,772a10e1-506b-45bd-b079-c6f14fc6802b,11a198dc-c47e-4e03-9ba4-d70786243133,11a198dc-c47e-4e03-9ba4-d70786243133,84abeb19-36c8-4114-928c-f336da22d688,84abeb19-36c8-4114-928c-f336da22d688,84abeb19-36c8-4114-928c-f336da22d688,f0f0dfc0-58c6-4bc6-8091-9113d3e60da4,f0f0dfc0-58c6-4bc6-8091-9113d3e60da4,f0f0dfc0-58c6-4bc6-8091-9113d3e60da4,597fce47-295b-425e-9e83-5747569e95ef,597fce47-295b-425e-9e83-5747569e95ef,597fce47-295b-425e-9e83-5747569e95ef,b1ac005f-0ec7-4621-95c9-24bed30d004c,b1ac005f-0ec7-4621-95c9-24bed30d004c,582503bc-9982-42fc-bcb1-95df715d955e,582503bc-9982-42fc-bcb1-95df715d955e,75c709ef-ec2b-437c-8faa-7762ecd9b515,065969da-9c7f-43b1-8df7-a960c421bfd1,065969da-9c7f-43b1-8df7-a960c421bfd1,065969da-9c7f-43b1-8df7-a960c421bfd1,ef84f70b-9134-4044-851f-b09d42fa362d,58aeb5f7-7fd9-43f8-b9cf-b9c901a8c8da,58aeb5f7-7fd9-43f8-b9cf-b9c901a8c8da,58aeb5f7-7fd9-43f8-b9cf-b9c901a8c8da,a54cc98d-cfd3-400d-a26f-dc84728f6c50,a54cc98d-cfd3-400d-a26f-dc84728f6c50,6e34181c-766c-43a5-8339-43cbd709f22a,6e34181c-766c-43a5-8339-43cbd709f22a,87184302-b17e-432e-9593-0d34e9443bd1,87184302-b17e-432e-9593-0d34e9443bd1,87184302-b17e-432e-9593-0d34e9443bd1,23e2c9d2-44be-4287-8311-2868fa045e44,45136fdf-12c1-47cb-aa13-335f5e81e150,cfe8ad95-a610-4b86-9ff0-b3421f3cfa3d,cfe8ad95-a610-4b86-9ff0-b3421f3cfa3d,cfe8ad95-a610-4b86-9ff0-b3421f3cfa3d,c01082d3-73ce-42ed-93af-f7c7e9937093,c01082d3-73ce-42ed-93af-f7c7e9937093,c01082d3-73ce-42ed-93af-f7c7e9937093,9ee3eb5c-4f50-4b00-bbe2-30ee0b4deecc,2d2b37e0-cee4-458e-8b94-53ff74895b7a,71d50b15-3fd3-4684-b359-6b28cd6722d9,faa0c8d1-44a1-411b-ba23-8650005e18cd,faa0c8d1-44a1-411b-ba23-8650005e18cd,faa0c8d1-44a1-411b-ba23-8650005e18cd,8987fe53-9aa0-422b-a797-1d5e53d43b4a,68510c76-0db5-406a-ba6f-70297bbe9563,aba3716e-764f-49e2-abe2-07dfd6e4434e,8dedd4f3-a5f2-4bbd-83df-eb01777c49c5,8dedd4f3-a5f2-4bbd-83df-eb01777c49c5,9fcc96de-2a98-4946-898d-a0bf6d9ebf7b,56aea724-77bd-4d6a-b2d9-c267c624f745,95802a1f-1721-4c19-a8a2-1a41f81ab7f8,95802a1f-1721-4c19-a8a2-1a41f81ab7f8,ca7e35c5-f297-4de6-9aa0-41c7d9e950e2,79badd3b-22bf-468f-8ba6-0250f4986fd6,05cd8064-4214-4569-9707-6bb846df09db,26305907-9f0b-4876-8fc9-f8ed1ed0f6ad,c814d534-a39c-4279-a79f-22664044d1cd,f5f004a0-5d0f-4ad5-82e2-a1c986e8c510,81762e62-c2d1-4419-8112-95036adb455a,945d7ae2-494e-4162-824a-b1b0d9c924c9,945d7ae2-494e-4162-824a-b1b0d9c924c9,8d8ab18c-cc31-4d2b-86cd-5839dcf7fb79,8d8ab18c-cc31-4d2b-86cd-5839dcf7fb79,c3dc4870-463e-49d3-aba7-383cace03cd5,ce5736a6-6569-4dee-be5c-0cecdf09d032,ce5736a6-6569-4dee-be5c-0cecdf09d032,c77e2efe-4b00-4d54-9aed-30cf88675853,c77e2efe-4b00-4d54-9aed-30cf88675853,c77e2efe-4b00-4d54-9aed-30cf88675853,3c5d8189-d4e2-403d-9c42-5aaa943896d7,f3b5433c-889c-483e-a497-e4ff77e3227f,f3b5433c-889c-483e-a497-e4ff77e3227f,f3b5433c-889c-483e-a497-e4ff77e3227f,b3672b5f-13b9-40f6-9426-b432810e07e9,b3672b5f-13b9-40f6-9426-b432810e07e9,b3672b5f-13b9-40f6-9426-b432810e07e9,ba1a421b-f9d3-46c6-ab39-90f823071277,ba1a421b-f9d3-46c6-ab39-90f823071277,ba1a421b-f9d3-46c6-ab39-90f823071277,4b46a479-aeed-416e-b290-86a9ec9669ba,fe2a4098-1c40-44c5-8c3b-c694cca3e8d8,fe2a4098-1c40-44c5-8c3b-c694cca3e8d8,0947b21f-af55-43d4-801f-e67f7a0c4b76,8f410236-e754-4cbd-ae9b-a7c163f3cd2f,8f410236-e754-4cbd-ae9b-a7c163f3cd2f,df024c74-7083-4ca9-806f-cfcbe15ef51e,df024c74-7083-4ca9-806f-cfcbe15ef51e,22054446-4183-4dc8-99c2-2a3d8cf219e4,22054446-4183-4dc8-99c2-2a3d8cf219e4,22054446-4183-4dc8-99c2-2a3d8cf219e4,7194e9fe-2c51-461a-9236-e3c31ad1e175,6017add5-40f0-41cf-bd0c-7de3559a6a3c,b779a184-d067-498a-9445-e0e5dbaf26e1,88daad85-b052-4450-b0de-d6a1858a4b60,88daad85-b052-4450-b0de-d6a1858a4b60,436b15d9-5a33-4903-a72d-3d4dfc0fffdf,fa448811-ba1b-40e8-9208-bd3dc641e3b7,5613ebce-61b0-4069-8dd3-9a5aa5b2b991,b0be1b5d-0c81-428c-9b8e-835663428532,ba97d552-cc0d-40ca-bae6-35a671f13fb7,ba97d552-cc0d-40ca-bae6-35a671f13fb7,ff2907e6-7c97-49c3-8465-3c6a21ccda91,ff2907e6-7c97-49c3-8465-3c6a21ccda91,ff2907e6-7c97-49c3-8465-3c6a21ccda91,9f99590a-820a-48be-985e-956a9c77ebd5,9f99590a-820a-48be-985e-956a9c77ebd5,d85e4e4b-bf84-47ab-9c04-8ab668d9b055,69ced210-ece5-452d-87f1-6e1da841e9a2,69ced210-ece5-452d-87f1-6e1da841e9a2,5f3ebf38-82bc-412b-8572-876b82b37f31,f486dfc6-d54d-4154-9c07-cbe64cd1bbbd,f486dfc6-d54d-4154-9c07-cbe64cd1bbbd,29907017-fa25-4463-aa59-c312b5bed273,4eab0fb2-4562-4cce-81c4-e717dc282113,4eab0fb2-4562-4cce-81c4-e717dc282113,4eab0fb2-4562-4cce-81c4-e717dc282113,60b7b0b9-a6e5-4580-85c5-f44ece046e0f,5ffe59e7-364c-45f3-8c22-e71cd4458d5c,5ffe59e7-364c-45f3-8c22-e71cd4458d5c,5ffe59e7-364c-45f3-8c22-e71cd4458d5c,bef4af11-a2d8-49f6-a5aa-6bd04fbd40bf,511631a8-6fed-4569-ae33-a0ea41b1ed7b,511631a8-6fed-4569-ae33-a0ea41b1ed7b,511631a8-6fed-4569-ae33-a0ea41b1ed7b,9c166466-538d-4eef-8752-955ffc4af9e2,9c166466-538d-4eef-8752-955ffc4af9e2,9c166466-538d-4eef-8752-955ffc4af9e2,c6523852-944b-4b05-ad46-a912b11a8cf3,c6523852-944b-4b05-ad46-a912b11a8cf3,173f3be8-64b9-4c35-a6be-5f34e31de716,173f3be8-64b9-4c35-a6be-5f34e31de716,173f3be8-64b9-4c35-a6be-5f34e31de716,542c340e-c11f-4714-8315-bc62d0a84777,542c340e-c11f-4714-8315-bc62d0a84777,542c340e-c11f-4714-8315-bc62d0a84777,9c274873-40b8-4fd5-91c6-cf1e4de0afac,9d77428d-7c25-47cc-978d-d33c73eafeec,9d77428d-7c25-47cc-978d-d33c73eafeec,9d77428d-7c25-47cc-978d-d33c73eafeec,adf65d72-2fea-47c4-a64b-38b3fc18a6b5,0b63fc4c-3421-49fa-9add-1089aaaa58d7,0b63fc4c-3421-49fa-9add-1089aaaa58d7,0b63fc4c-3421-49fa-9add-1089aaaa58d7,a0268fb8-8776-4b05-8e2d-3f6a474f6344,a0268fb8-8776-4b05-8e2d-3f6a474f6344,7bc874d6-4664-4714-9d69-2e008b017a17,7bc874d6-4664-4714-9d69-2e008b017a17,7bc874d6-4664-4714-9d69-2e008b017a17,dbc88046-ec5a-4036-a738-af3aab04e240,54eb4673-7007-48b8-bd5a-2e20eabf9f5e,04eb704c-4285-41b3-a232-75e52b9f7d52,bf8da60d-89ac-47d5-a10e-7fd7079ec3a5,bf8da60d-89ac-47d5-a10e-7fd7079ec3a5,bf8da60d-89ac-47d5-a10e-7fd7079ec3a5,043373e0-6f1c-47df-9452-8746c7ae4123,67773d09-1c90-4eaa-b371-208ceb11bb90,67773d09-1c90-4eaa-b371-208ceb11bb90,67773d09-1c90-4eaa-b371-208ceb11bb90,6d3b2b68-1f6a-45be-ab3a-a266be45341f,a78b959a-9a32-4335-a8c3-5a447f27f45c,a78b959a-9a32-4335-a8c3-5a447f27f45c,6c96f012-54be-44f2-b823-b60ca11558ee,2823058b-1524-4c5b-a594-c8baed4fae28,2823058b-1524-4c5b-a594-c8baed4fae28,2823058b-1524-4c5b-a594-c8baed4fae28,92f04197-21ed-4574-8d7f-8b8609a8eb24,786a6972-d12f-46b0-b4ac-de69980eba44,c293b0c4-ffc5-4b49-9c09-f848527afecc,c293b0c4-ffc5-4b49-9c09-f848527afecc,c293b0c4-ffc5-4b49-9c09-f848527afecc,0c495e74-2885-4b24-96d3-636069da5331,0c495e74-2885-4b24-96d3-636069da5331,0c495e74-2885-4b24-96d3-636069da5331,198854aa-3b04-468c-aeae-947922981eda,198854aa-3b04-468c-aeae-947922981eda"
Colombia,"c1a07244-6cd2-49ca-8021-890cc600231d,8800d312-2bbf-4a6e-b620-a9fc0b3df8ff,8800d312-2bbf-4a6e-b620-a9fc0b3df8ff,8800d312-2bbf-4a6e-b620-a9fc0b3df8ff,9e9ef135-06c3-47a9-bb90-c5240e08e94c,9e9ef135-06c3-47a9-bb90-c5240e08e94c,95f9a623-9e3c-4439-be75-9c1d86449748,95f9a623-9e3c-4439-be75-9c1d86449748,129e547b-bda2-4d72-b3f1-2e516fb42368,129e547b-bda2-4d72-b3f1-2e516fb42368,513ce495-7633-42c4-bf7a-f8de91af853a,ad3f51f9-9783-47af-b541-98087ca548a2,b8d2ee17-18f3-4e9f-95ca-5f949d344a14,b8d2ee17-18f3-4e9f-95ca-5f949d344a14,b8d2ee17-18f3-4e9f-95ca-5f949d344a14,7c8975b5-d337-472e-bd33-2e69ff24d364,1762530f-0285-4702-a7cc-1245c9fa4f31,89ef3316-9aba-4daa-b3e4-dc6451f24582,2b1750e6-1f27-4542-b18f-a6b4d7205f82,e57892c2-18ef-4130-9e77-b86d3612b65a,1e8b4341-04a5-4f8d-a5c1-f493f752f6fc,1e8b4341-04a5-4f8d-a5c1-f493f752f6fc,1e8b4341-04a5-4f8d-a5c1-f493f752f6fc,cff1e559-7b5e-4930-a18c-dda16aa98757,cff1e559-7b5e-4930-a18c-dda16aa98757,cff1e559-7b5e-4930-a18c-dda16aa98757,831a98ea-232d-48ea-83f4-2cdec4d2b29e,ae31e981-c3c9-48ec-972f-207cc4ab6082,ae31e981-c3c9-48ec-972f-207cc4ab6082,b51f68c4-5ef8-4fed-be4d-60c5446fe593,b51f68c4-5ef8-4fed-be4d-60c5446fe593,4ad435ef-872b-4232-bb7b-e557f1f5da8e,746ef9f2-a96c-4ac6-b46f-62286da86562,746ef9f2-a96c-4ac6-b46f-62286da86562,746ef9f2-a96c-4ac6-b46f-62286da86562,cec9f440-03b4-4a1b-b65d-da591af4b887,cec9f440-03b4-4a1b-b65d-da591af4b887"
Croatia,"7ac0bc19-444a-42e2-b5ac-72096d890a8a,b5a47b69-7fa2-4bd5-88de-e8247eaa0370,b5a47b69-7fa2-4bd5-88de-e8247eaa0370,ba8510ea-caed-4f5e-8652-9e4347e27f3b,6b788487-e63a-41b1-ab6a-5b146aa19a50,639cb07e-74a0-44ec-896e-037a93132c29,2c8644f4-81ae-4b34-95ff-7e4ef5c0ef6b,2c8644f4-81ae-4b34-95ff-7e4ef5c0ef6b,2c8644f4-81ae-4b34-95ff-7e4ef5c0ef6b"
Cuba,"999b66a7-16d8-42bb-bcff-2c72fdc7cde5,999b66a7-16d8-42bb-bcff-2c72fdc7cde5,d226563a-966e-42f6-96a6-9cb64d15bf30,d1be8c4a-6bbd-47a2-841d-256633185693"
Cyprus,9a25e962-c881-49c8-917a-52c38ab908a4
Czech Republic,"5ae00456-a217-450e-993c-cd23d18aa4b1,5ae00456-a217-450e-993c-cd23d18aa4b1,5ae00456-a217-450e-993c-cd23d18aa4b1,1ea9ad5e-e85e-4ca7-8c1f-ae1763f6fe2c,1ea9ad5e-e85e-4ca7-8c1f-ae1763f6fe2c,1ea9ad5e-e85e-4ca7-8c1f-ae1763f6fe2c,d5ddb03e-23eb-4286-ab9d-0fe14ea58a61,29c7d37b-a3e9-4fee-91ab-fa9e9540c7b5,c49ee7b4-28dd-4e4d-adf0-68ec2ba33187,c49ee7b4-28dd-4e4d-adf0-68ec2ba33187,1a7949df-b8a6-43f2-953c-d021d0c20579,1a7949df-b8a6-43f2-953c-d021d0c20579,1a7949df-b8a6-43f2-953c-d021d0c20579,3bc11dbc-1c9b-47b3-9b89-a4d17bb9c524,410922f3-b660-4393-8b5d-c93148910728,410922f3-b660-4393-8b5d-c93148910728,d6479509-b9e0-4ceb-a1f0-97ff39be7df2,d6479509-b9e0-4ceb-a1f0-97ff39be7df2,ec35f6b8-e734-4ccd-9b3d-de485bc6a946,ec35f6b8-e734-4ccd-9b3d-de485bc6a946,4f9b7f95-7b13-492d-b531-9227f1077c12"
Democratic Republic of the Congo,"6f96a586-6152-4cb4-abd7-6f077bb664c9,2d24bbdb-0c1e-407f-b08b-c40ebb969620,2d24bbdb-0c1e-407f-b08b-c40ebb969620"
Denmark,"51de23a2-fa32-45bb-aaac-117eeab9704c,51de23a2-fa32-45bb-aaac-117eeab9704c,51de23a2-fa32-45bb-aaac-117eeab9704c"
Dominican Republic,"6d291d5b-be4c-4310-87c0-08276dfe8465,6d291d5b-be4c-4310-87c0-08276dfe8465,6d291d5b-be4c-4310-87c0-08276dfe8465,6015b077-28d4-4628-9136-84e3c43e8528,6015b077-28d4-4628-9136-84e3c43e8528,6015b077-28d4-4628-9136-84e3c43e8528"
East Timor,3f066ba4-cd5c-4d43-8ec7-cc208fef5ff1
Egypt,"6200f3ed-4a56-40d3-b553-af931ce296d4,6200f3ed-4a56-40d3-b553-af931ce296d4,00f1ea69-8c9b-4101-8d76-c128b0d4c47d"
El Salvador,"a5773ba3-b956-4ffe-8d6c-8182d71676b7,2ed04d82-01d2-4a17-9b37-4505ea85de13,2ed04d82-01d2-4a17-9b37-4505ea85de13,2ed04d82-01d2-4a17-9b37-4505ea85de13,9fd92eb4-1b52-4026-b35e-eab9d7a538b6"
Estonia,"a6576a82-1bf5-47b0-921f-5dcc5fc2bf60,94590576-366e-498b-935e-5e13ce4adf6e"
Ethiopia,"86ca4755-65ef-4633-80b3-9d1241447ac2,86ca4755-65ef-4633-80b3-9d1241447ac2,08af567c-4a4b-48ab-a56e-0bc817f4e2a4,08af567c-4a4b-48ab-a56e-0bc817f4e2a4,08af567c-4a4b-48ab-a56e-0bc817f4e2a4,28929f97-61e0-4b43-9eab-7b362d21bd43"
Faroe Islands,"71e06de4-8864-450b-9442-e972015060db,71e06de4-8864-450b-9442-e972015060db,71e06de4-8864-450b-9442-e972015060db"
Finland,"b55f9796-4ad5-4ce0-8b08-d16f8d89730b,b55f9796-4ad5-4ce0-8b08-d16f8d89730b,6dd55f1e-64da-4502-89f3-fc3bdc2b0b32,a290ddf8-768e-43fd-93e9-0fd3a74fe362,80195bfe-ce8d-4a88-94c7-c5e3343246e6,42c18d61-34bb-4b27-a2cf-f43728c690f7,42c18d61-34bb-4b27-a2cf-f43728c690f7,42c18d61-34bb-4b27-a2cf-f43728c690f7,fea7c186-7f3f-46c2-843d-1127e5955159,fea7c186-7f3f-46c2-843d-1127e5955159,ac3927bc-80a0-4dac-a579-7d6c15caa47c,ac3927bc-80a0-4dac-a579-7d6c15caa47c"
France,"43ded3c0-a16c-4761-8d14-823ec0940873,43ded3c0-a16c-4761-8d14-823ec0940873,43ded3c0-a16c-4761-8d14-823ec0940873,3fb560ce-db03-4e71-80e5-41185c6905a1,f667271d-f1d6-4071-8838-437ccc1c0275,05bacb18-9c98-49ec-ad4c-005c05371ff0,fd9ac033-73af-4a85-8a73-281ed8a8c8bb,1d8cc576-5901-41bb-8b69-5a4750f4c227,1d8cc576-5901-41bb-8b69-5a4750f4c227,1d8cc576-5901-41bb-8b69-5a4750f4c227,eca7c098-9213-419b-89c4-fdf136723447,f0a08b34-ba91-41f8-b640-d064fc3c6edb,f0a08b34-ba91-41f8-b640-d064fc3c6edb,f0a08b34-ba91-41f8-b640-d064fc3c6edb,d912d6b7-547f-4f6d-82bc-3943314fc325,ace277d6-aa79-433f-bea8-a7e0d46a9a34,ace277d6-aa79-433f-bea8-a7e0d46a9a34,ace277d6-aa79-433f-bea8-a7e0d46a9a34,9d6d5c78-bc43-4db3-8951-86338e1b37b8,ab6ac952-4b02-48d1-9b1a-702280e9575e,4005b034-3bb4-48d4-bb5c-e57b9724bbc9,4005b034-3bb4-48d4-bb5c-e57b9724bbc9,3c151026-1c4a-47bb-baf6-8ad8a52ad89c,d0ae8aaa-c46f-4a79-941a-0a91f2c2745c,d0ae8aaa-c46f-4a79-941a-0a91f2c2745c,d0ae8aaa-c46f-4a79-941a-0a91f2c2745c,e59db624-c30a-42a3-be8b-9984d3b8889a,e59db624-c30a-42a3-be8b-9984d3b8889a,e59db624-c30a-42a3-be8b-9984d3b8889a,af16abf3-0a49-4775-aad6-a5defe1c1642,af16abf3-0a49-4775-aad6-a5defe1c1642,1330ba2c-4430-4612-ae86-cb2c25e63761,1330ba2c-4430-4612-ae86-cb2c25e63761,2847e1f5-a22c-4d6b-a73b-4e940ca95651,2847e1f5-a22c-4d6b-a73b-4e940ca95651,2847e1f5-a22c-4d6b-a73b-4e940ca95651,a7757aff-1e52-4055-bbce-c1ba167053f3,a7757aff-1e52-4055-bbce-c1ba167053f3,8972bc88-ee01-4217-823e-d575427760b6,ef64f66c-3229-4ab0-8892-20f106b8daf5,64188551-9a3a-4076-9a04-fd3c3bbcaf23,64188551-9a3a-4076-9a04-fd3c3bbcaf23,64188551-9a3a-4076-9a04-fd3c3bbcaf23,4529da16-e4e3-4fbb-88f4-f06aee7c1498,1ebdb91e-437a-4ad0-b1c4-26b33832c7be,36fb7f4d-035c-4ac6-a20e-c81405be6d29,36fb7f4d-035c-4ac6-a20e-c81405be6d29,d8d08064-715c-4348-be66-afe64e17ddd2,d50ec825-6d36-4fa1-a26a-91ec73d320fc,d50ec825-6d36-4fa1-a26a-91ec73d320fc,d50ec825-6d36-4fa1-a26a-91ec73d320fc,127ff550-0ffe-4724-9c39-580a0ee5889b,ff77eb8c-b4cc-480f-9e91-2d20c7dc5346,ff77eb8c-b4cc-480f-9e91-2d20c7dc5346,f98b385b-279b-4668-a73e-b4922f3c8f5e,b9b78560-e0ab-4b2b-af1f-7b097af4487e"
Gambia,"0b4e22be-8dcd-4916-84a5-7fe9bd1264e8,71c2f18b-a4a1-4f32-83c0-96999ad0a6c4,71c2f18b-a4a1-4f32-83c0-96999ad0a6c4,71c2f18b-a4a1-4f32-83c0-96999ad0a6c4"
Georgia,"acd1e2d5-62b0-4504-b85e-fbbe0a63dad1,acd1e2d5-62b0-4504-b85e-fbbe0a63dad1,a27d37e3-ebd2-40dd-88de-c39c1e33f414,77a2fe60-f07b-4ec1-b69b-7d889e28af6b,77a2fe60-f07b-4ec1-b69b-7d889e28af6b,77a2fe60-f07b-4ec1-b69b-7d889e28af6b"
Germany,"6474cf1e-5243-441e-af87-ab9801b5556c,6474cf1e-5243-441e-af87-ab9801b5556c,6474cf1e-5243-441e-af87-ab9801b5556c,733cdc00-c918-4a45-be40-ba4b94ac0a7a,733cdc00-c918-4a45-be40-ba4b94ac0a7a,650156e1-3096-4829-a3e4-f7a8a5bb32df,c8af57c2-554e-41d6-8e17-a3f8b328834c,468642ce-6e4e-4228-a33b-fdef17ccbbcc,468642ce-6e4e-4228-a33b-fdef17ccbbcc"
Greece,"6bf052c9-1307-4b26-a24d-9c47bf747c87,6bf052c9-1307-4b26-a24d-9c47bf747c87,6bf052c9-1307-4b26-a24d-9c47bf747c87,98996386-640e-458b-b6f2-df4f17dea0f8,79e2350c-7c92-432b-a7ff-05caf08ad6af,79e2350c-7c92-432b-a7ff-05caf08ad6af,857c703f-3c52-4d3f-9879-733e0279825f,857c703f-3c52-4d3f-9879-733e0279825f,4c6f7ad8-2043-48fa-b85e-e843d10613f8,d9944245-8c32-4feb-a841-fa5d0fb19921,f0c66a9c-6cca-43be-8891-55964292b3cf,23ecb64d-f707-485a-ab41-2af7a27e28b3,23ecb64d-f707-485a-ab41-2af7a27e28b3,23ecb64d-f707-485a-ab41-2af7a27e28b3,66d146be-d93a-4156-bc49-c80bab695990,435fe51b-03fa-43d8-a340-6d7557000537,51a36cff-6a26-4c9d-9af8-22c34a923c26,51a36cff-6a26-4c9d-9af8-22c34a923c26,51a36cff-6a26-4c9d-9af8-22c34a923c26,740f8aba-6048-4822-bc7c-a238353fc49d"
Guatemala,"08e9a23c-cf09-4548-b345-fee13a112fca,08e9a23c-cf09-4548-b345-fee13a112fca,08e9a23c-cf09-4548-b345-fee13a112fca,6b231921-6ff2-417b-a078-6f02a22f2a8a,cc954f5d-b711-48a8-84f3-13d0023e69d5,cc954f5d-b711-48a8-84f3-13d0023e69d5,cc954f5d-b711-48a8-84f3-13d0023e69d5,40950378-c0a8-401c-91c6-28ee0f20336a"
Haiti,"aebf2f56-c0ab-4b06-bec6-3a3b53f144af,cedfbbdc-0122-4942-8f88-5c6e00b314c7"
Honduras,"170225de-e4d8-494d-a558-8e12f16cd665,170225de-e4d8-494d-a558-8e12f16cd665,170225de-e4d8-494d-a558-8e12f16cd665,acab1c01-356c-4639-a83d-b115358cb540,acab1c01-356c-4639-a83d-b115358cb540,408b7e8b-25d6-4f29-a8fb-04d1c4cd0c83,408b7e8b-25d6-4f29-a8fb-04d1c4cd0c83,408b7e8b-25d6-4f29-a8fb-04d1c4cd0c83,d420b366-9fe8-4778-9752-4171ce830dc5,d420b366-9fe8-4778-9752-4171ce830dc5,03d9649f-30fb-4ea2-9ff8-d9888c05e346,03d9649f-30fb-4ea2-9ff8-d9888c05e346,03d9649f-30fb-4ea2-9ff8-d9888c05e346,91f42c09-30be-4bd3-bdfc-a22ac11bb837,91f42c09-30be-4bd3-bdfc-a22ac11bb837,91f42c09-30be-4bd3-bdfc-a22ac11bb837,1b43bd4d-eaf2-4eb7-a94d-1cf61d00263c,78ef0c0d-c0e8-4eb2-aa94-69747db44361,78ef0c0d-c0e8-4eb2-aa94-69747db44361"
Hungary,"dcc956ee-2cfe-434c-8aeb-379426ae0cbe,dcc956ee-2cfe-434c-8aeb-379426ae0cbe,dcc956ee-2cfe-434c-8aeb-379426ae0cbe,0d02b1f3-f3f4-46c2-98fe-4a52a1aefd48"
Indonesia,"3a884c06-b7f3-484b-8adb-b0b89bbc6ffa,6c3fe69b-02a8-4878-841e-39c04709e760,6c3fe69b-02a8-4878-841e-39c04709e760,6c3fe69b-02a8-4878-841e-39c04709e760,52057e4a-d83e-42b6-8d29-57455c1b48cd,dd003800-1509-4121-b9ab-a64aa2f5b14c,36ecba45-7da5-4dd4-a11d-1a582a277230,36ecba45-7da5-4dd4-a11d-1a582a277230,124634b1-2959-44b0-8e33-0e03e12167c7,1ef7b1c3-738d-4599-81d6-0d5eae00eb84,0e1b0f48-9901-4a54-b567-14c67a6c5f76,cefa7143-9386-4e17-926d-04a657f070f3,cefa7143-9386-4e17-926d-04a657f070f3,cefa7143-9386-4e17-926d-04a657f070f3,e123fc2e-38ab-4e3f-be95-8b6dd377b190,f30b5262-2ae9-45b3-aa8d-c28014c06df8,f30b5262-2ae9-45b3-aa8d-c28014c06df8,f30b5262-2ae9-45b3-aa8d-c28014c06df8,0eaa6715-29d1-4622-bd8c-818a162b2a01,dec2ec8c-d2ef-4e53-82c4-2416e416bbd4,dec2ec8c-d2ef-4e53-82c4-2416e416bbd4,411e15a5-ca97-4e92-ab6f-e46924e78d86,411e15a5-ca97-4e92-ab6f-e46924e78d86,01397d74-55f6-46ee-af05-d208bb0f5fb9,01397d74-55f6-46ee-af05-d208bb0f5fb9,4f10411e-9640-420d-959d-6d01645414db,8afabe98-676d-417b-9580-2cd5aba39cf5,088dd198-32ed-4952-a5b0-64ada980d460,cba9ae47-7f59-4ae1-a47a-ec3072f79035,cba9ae47-7f59-4ae1-a47a-ec3072f79035,cba9ae47-7f59-4ae1-a47a-ec3072f79035,e8957777-18df-48c3-8fc6-4685cef4bcd1,e8957777-18df-48c3-8fc6-4685cef4bcd1,e8957777-18df-48c3-8fc6-4685cef4bcd1,89293404-d21c-4284-aef8-7831a3eeb499,89293404-d21c-4284-aef8-7831a3eeb499,8d3c7537-e572-404c-b463-b0f2426f5104,d09b7e30-b08e-4fd0-ae54-cc80f4d9bcc5,d09b7e30-b08e-4fd0-ae54-cc80f4d9bcc5,81522712-8a88-462f-b4a8-16e6b6ac6bc8,81522712-8a88-462f-b4a8-16e6b6ac6bc8,07284d9f-0390-402d-965d-769f6e085b4f,25bb0cbb-f7c6-40d8-9620-de6e0872a231,0909ee5e-1e8a-4929-9cff-add345101cb7,44fa043d-f647-4caf-ad95-37cdb87fb7e8,44fa043d-f647-4caf-ad95-37cdb87fb7e8,b0c07084-dfad-418d-8176-d08866b05c07,b0c07084-dfad-418d-8176-d08866b05c07,0bbd462c-035c-491c-9075-ffd7aa87d8d4,0bbd462c-035c-491c-9075-ffd7aa87d8d4,0b2fa287-94db-4c41-b762-c480ac5fd120,449f5215-8b9e-4ca6-92ea-207fc5f8fa6a,b4c0c3ac-e2b7-4503-a6c8-7545b838c7b0,b4c0c3ac-e2b7-4503-a6c8-7545b838c7b0,4678b746-3395-4364-88a1-0f089615592f,9baf385d-7933-404c-85bd-de2f6115519a,9baf385d-7933-404c-85bd-de2f6115519a,c3f3fae6-3bf6-4fc9-a370-bd4e65eeccd0,c3f3fae6-3bf6-4fc9-a370-bd4e65eeccd0,c3f3fae6-3bf6-4fc9-a370-bd4e65eeccd0,f7015a87-29b4-4e0f-8147-3537ac874920,647a5f42-f717-49ac-a84e-dffb54e71d9f,a9f46250-d2c8-4688-89b0-6b70002464b5,a9f46250-d2c8-4688-89b0-6b70002464b5,a9f46250-d2c8-4688-89b0-6b70002464b5,a6209ab0-5250-43b8-809a-928ca78d4433,a6209ab0-5250-43b8-809a-928ca78d4433,a6209ab0-5250-43b8-809a-928ca78d4433,25abf8a8-9d11-4e55-a003-246e458e9fb3,25abf8a8-9d11-4e55-a003-246e458e9fb3,144cdabd-c3c9-4626-8ede-be83391cb054,8d3d37a6-dc22-416f-92de-f8f63003982e,39956311-f03b-42ed-a7f4-c54c5447ff18,f6e4c438-a336-4082-bb35-8ab97bcb3ee7,d396bcff-b733-4aa5-a3eb-0beee44864dc,3f8827a2-d668-4168-9067-94ca4020e1cb,3f8827a2-d668-4168-9067-94ca4020e1cb,2dcd2098-b021-495f-a5f2-6c78b2c4dc0e,5fdddefd-1c29-4ea5-8a43-4f0cf768cf5f,5fdddefd-1c29-4ea5-8a43-4f0cf768cf5f,5fdddefd-1c29-4ea5-8a43-4f0cf768cf5f,ddc1f954-a2a9-4433-b2a3-1b67b3f6e8fd,b0a55435-6150-479d-9d22-491029f72e36,b0a55435-6150-479d-9d22-491029f72e36,1609df7c-5dce-451c-9a47-81e66f7c3a25,b48f0a88-c3de-45ce-87a2-bf1b348ddec6,b48f0a88-c3de-45ce-87a2-bf1b348ddec6,22a82672-f965-413b-b761-0cbecaba984c,60258d63-5d6e-4bb1-bc9a-ad2ee5deaf5b,32f7ec95-68dd-4cbb-a06a-cd59e4a586b6,32f7ec95-68dd-4cbb-a06a-cd59e4a586b6,32f7ec95-68dd-4cbb-a06a-cd59e4a586b6,41d2e061-c2c3-4950-9063-b4b1f4b0b819,41d2e061-c2c3-4950-9063-b4b1f4b0b819,41d2e061-c2c3-4950-9063-b4b1f4b0b819,b60f2af2-e2e5-4be4-8824-bc83471faf28,6f74cf81-8a92-401d-8031-0c3413d31036,6f74cf81-8a92-401d-8031-0c3413d31036,6f74cf81-8a92-401d-8031-0c3413d31036,dfbcde86-ebf3-43b6-82fd-f582fdb318c9,dfbcde86-ebf3-43b6-82fd-f582fdb318c9,dfbcde86-ebf3-43b6-82fd-f582fdb318c9,7736f03e-642c-4386-933a-2a6633b78779,ca1b3bca-7f2e-4dc0-b885-4dbf9e508b47,ca1b3bca-7f2e-4dc0-b885-4dbf9e508b47,c06baa4f-5c31-445d-948b-849c700fea9a,c06baa4f-5c31-445d-948b-849c700fea9a,270f7808-af62-4180-844e-d71d3177cf79,2c73ab0b-3ec8-4ab4-9637-3fcccb76e91a,260f45cd-6da1-49d6-916a-8b1704233702,72eb56c1-63f3-4d14-836e-2aea4c9b5518,094814f8-8614-4a2c-9a07-529fe965df77,094814f8-8614-4a2c-9a07-529fe965df77,094814f8-8614-4a2c-9a07-529fe965df77,04470d2e-809c-4987-af7b-5660041bf461,91713a38-1d28-44cc-b41c-afe46c2e0245,bf773cd3-4ec5-4f74-8245-8125491b1742,9bad229a-3a31-4034-bf38-f163a4bd3990,9bad229a-3a31-4034-bf38-f163a4bd3990,9bad229a-3a31-4034-bf38-f163a4bd3990,401dd0bc-e5fe-48b4-8e37-e040bc0a5408,401dd0bc-e5fe-48b4-8e37-e040bc0a5408,aba05389-4cbf-40d1-9a1b-7703b7d47ed0,aba05389-4cbf-40d1-9a1b-7703b7d47ed0,0a551608-ecfb-453d-a6ca-6ce9a2389681,915833f7-6a47-43d0-8d1c-10abf345dde6,8ca55e51-d296-4d0c-a1c7-ea6e44518868,65d36859-2aee-4c57-bea9-ff67ff546230,5f013acc-d6ea-46de-bb05-b7030feab04f,83ce6786-db99-4a76-95de-f5ca7c17f66a,76a5975e-09c3-4851-8560-9b2a75ae27a7,cba4bd3c-45b9-45c7-9772-64ad2ef37196,d0d8f730-5846-44ab-92ce-7babff35cc6a,36a50fff-cb2d-46f0-ba09-2c5dea66954d,36a50fff-cb2d-46f0-ba09-2c5dea66954d,36a50fff-cb2d-46f0-ba09-2c5dea66954d,5a1135ae-08c1-4d95-96ee-df39c758ab15,5a1135ae-08c1-4d95-96ee-df39c758ab15,5a1135ae-08c1-4d95-96ee-df39c758ab15,e26f3624-9851-49dd-aaeb-6131078364b9,7e1287d7-ab74-4114-b0b9-1058e9d16ee3,f1ac39a5-0c50-46af-9604-721be3a6f2ec,900f242d-0322-4112-a395-9ab3c9b32e1b,4cc8b653-34db-44bd-abdd-aad61d9cab5e,ed7f7fbc-2fec-4bfa-94d0-a41c1ccea6fa,ed7f7fbc-2fec-4bfa-94d0-a41c1ccea6fa,ed7f7fbc-2fec-4bfa-94d0-a41c1ccea6fa,ab245cb2-4d08-4018-a156-aed2d7b4d6b8,fdcaf51b-ee8f-48e9-bb38-11152434f050,494b26ba-7f20-4798-a4a6-8bd218de47ae,494b26ba-7f20-4798-a4a6-8bd218de47ae,c841b3f8-3d80-4b68-86e7-efaa821d2653,5efc053e-91c8-4930-93ec-3084b6175f6d,9df6e65a-eed1-4fca-a4ca-96153b6b8907,9df6e65a-eed1-4fca-a4ca-96153b6b8907,962a83c2-12d0-405b-9741-94f3bf5e6a4a,962a83c2-12d0-405b-9741-94f3bf5e6a4a,75a02339-5d80-44d8-9bc8-4b961d569350,75a02339-5d80-44d8-9bc8-4b961d569350,3f0b74bb-b94d-4b17-a97e-d5e9d71850b5,3f0b74bb-b94d-4b17-a97e-d5e9d71850b5,3f0b74bb-b94d-4b17-a97e-d5e9d71850b5,4efa0888-b31f-45ce-9be5-b7ba94fbc6d5,e53f73af-2b95-4e67-809c-f562c6446f5e,b1a7a3a0-8f9c-4f9b-a27a-e1d74d02937b,b1a7a3a0-8f9c-4f9b-a27a-e1d74d02937b,b1a7a3a0-8f9c-4f9b-a27a-e1d74d02937b,580c44cb-3aea-40e6-9d1b-21b4b1a3dbd3,580c44cb-3aea-40e6-9d1b-21b4b1a3dbd3,580c44cb-3aea-40e6-9d1b-21b4b1a3dbd3,d4701fbd-1583-416d-b559-dc1cc68d15ce,4430ecaf-0956-4bb9-832f-5b205f87768b,4430ecaf-0956-4bb9-832f-5b205f87768b,ec444a44-b272-4c66-ba75-ddde222e05da,ec444a44-b272-4c66-ba75-ddde222e05da,ec444a44-b272-4c66-ba75-ddde222e05da,8300928a-8c5f-41ca-8e55-dbe3cf987bae,e3b7781b-591b-42ee-b5b9-b0ae69c574db,96d6c1bc-3fde-4108-a8b8-c54f4595b6f3,ffdf3bf3-c7ef-4143-8ffe-965dcfeac466,63139aed-1c96-4e09-af62-194ad4f35789,3b63181d-9496-47ca-be4c-e9511c0e7d29,3b63181d-9496-47ca-be4c-e9511c0e7d29,3b63181d-9496-47ca-be4c-e9511c0e7d29,96a51691-26f3-4ad4-b9fd-16c939f21604,2c65ecbd-bce4-46c8-962d-f6011b10d7ed,2c65ecbd-bce4-46c8-962d-f6011b10d7ed,8119f944-3db3-4896-a9c9-8226dff521c4,8119f944-3db3-4896-a9c9-8226dff521c4,48e0cb40-1163-465d-882e-52b20a59d27b,48e0cb40-1163-465d-882e-52b20a59d27b,48e0cb40-1163-465d-882e-52b20a59d27b,666b1587-924b-4264-99fe-e7e17c2e4780,176285e1-4e3b-48a8-a11f-e539ecdc9b29,176285e1-4e3b-48a8-a11f-e539ecdc9b29,2978b082-d0a0-4607-9b91-e8f5e1adab1c,2978b082-d0a0-4607-9b91-e8f5e1adab1c,4c3392ff-d411-4b70-9eda-3b7d6b27549a,4c3392ff-d411-4b70-9eda-3b7d6b27549a,1d160ab7-9b65-4065-a88c-af818581cea3,1d160ab7-9b65-4065-a88c-af818581cea3,1d160ab7-9b65-4065-a88c-af818581cea3,89d33aa3-d0fa-4e66-8223-0bbc2670a7ee,89d33aa3-d0fa-4e66-8223-0bbc2670a7ee,89d33aa3-d0fa-4e66-8223-0bbc2670a7ee,b135b0f5-fda5-452d-ac29-3dcb9adc7c79"
Iran,"456f7ed2-195d-4b02-8b45-5a405a6c2a94,456f7ed2-195d-4b02-8b45-5a405a6c2a94,96ea6bdc-21e1-42ba-b9ce-a7b4150e974b,96ea6bdc-21e1-42ba-b9ce-a7b4150e974b,89f52464-bb86-4b9a-88f8-a3e61112fe7d,afcd6031-408b-4a0d-b2e7-11f580f862b3,afcd6031-408b-4a0d-b2e7-11f580f862b3,3927f443-4aa1-4b86-9d4e-1409272164dd,3927f443-4aa1-4b86-9d4e-1409272164dd,3927f443-4aa1-4b86-9d4e-1409272164dd,8798708a-f3ad-4be3-bdcf-4e1b57bed94d,8798708a-f3ad-4be3-bdcf-4e1b57bed94d,be63d96e-8801-42eb-9181-bf35d9440ded,56bf086a-1887-4339-aaee-84c5263bc26d,727d186b-b086-43a2-9525-98eacd501d86"
Ireland,"024786be-bfbd-4282-8254-05b4568d0165,024786be-bfbd-4282-8254-05b4568d0165,c0a9956b-c722-4b7b-8288-87fdf81fb695,c0a9956b-c722-4b7b-8288-87fdf81fb695,d23072b6-60bd-4fb8-8b90-1a9d4812e10a,d23072b6-60bd-4fb8-8b90-1a9d4812e10a,d23072b6-60bd-4fb8-8b90-1a9d4812e10a"
Israel,a048c17a-777e-4a6d-aac6-c6a0a08d05aa
Ivory Coast,"25f1629f-43fd-409f-9a8c-eac6c5d21379,25f1629f-43fd-409f-9a8c-eac6c5d21379,95bbefc3-f413-4bc0-82d6-b4ec73fb1d0f,73d444b5-23b6-40aa-9bac-75c4df8d706c"
Jamaica,"0161eefe-b7ca-4e3f-a919-d29678f4dcd6,0161eefe-b7ca-4e3f-a919-d29678f4dcd6"
Japan,"7027a89b-3d05-48ef-95b3-a0243add06a2,7027a89b-3d05-48ef-95b3-a0243add06a2,023d0573-cfa0-4e13-aed2-749d3b21a826,023d0573-cfa0-4e13-aed2-749d3b21a826,023d0573-cfa0-4e13-aed2-749d3b21a826,bfab0363-a779-437c-91d9-6a9d6aef2a9e,9d6be690-ba16-4862-af41-8319b2c3be55,2f21e6d1-8a02-4a13-95a4-35cef81da077,e7992e3f-76b8-4aaa-b72f-5496aface89e,2e4e6047-1b36-41f0-b690-4871185bebea,2e4e6047-1b36-41f0-b690-4871185bebea,2e4e6047-1b36-41f0-b690-4871185bebea,ab92dab1-6597-411f-b62d-be06a0a6a8b8,6f9b1545-4c0e-4fb6-9c2a-203da4417241,84d65b9b-8fd8-4c8c-bfef-0b997513b2b5,84d65b9b-8fd8-4c8c-bfef-0b997513b2b5,bde22560-7ac8-4e36-b5b8-75fdb5b6a1b4,0134f4fa-ea9b-4078-a3a5-365c8109a993"
Kazakhstan,"b97f3f25-fd89-4e85-b2ea-9fe794c06720,b97f3f25-fd89-4e85-b2ea-9fe794c06720"
Kenya,8b07818f-6c82-49e5-abcd-a9ddd2bc24f3
Kuwait,"4f590449-0af2-43a4-aa1f-82a4aa8b4b4a,4f590449-0af2-43a4-aa1f-82a4aa8b4b4a"
Kyrgyzstan,8e969d3c-2777-4e32-8588-438c3954503a
Latvia,"a8463863-78d0-4016-8749-1b209f2d1c46,42790e8b-9998-4860-b2df-27b78d0d6c51,42790e8b-9998-4860-b2df-27b78d0d6c51,801412c3-4414-48e9-8f10-e43b7342b5a9,801412c3-4414-48e9-8f10-e43b7342b5a9,801412c3-4414-48e9-8f10-e43b7342b5a9,9348e426-df37-4ab1-a0ed-294c5e7a029b"
Libya,"c64e6118-688a-40d8-91c3-ae448f5e02a0,c64e6118-688a-40d8-91c3-ae448f5e02a0,7a795237-b7c1-49ca-8203-a0f1f0f3c3be"
Lithuania,dc42d7e7-e265-4437-9743-0bb7bebc0188
Luxembourg,"0745dd17-e386-4920-9326-96ddc2940294,0745dd17-e386-4920-9326-96ddc2940294"
Macedonia,"af690c36-b9b5-45e2-ad2e-422890573e4a,af690c36-b9b5-45e2-ad2e-422890573e4a,0564329c-e2f2-40b1-b455-53750611ec0e"
Malawi,"72537148-5d7a-47ba-9d07-ff659c631850,72537148-5d7a-47ba-9d07-ff659c631850,72537148-5d7a-47ba-9d07-ff659c631850"
Malaysia,"fd8b18f1-82a4-475e-9460-3dbc1cf049a1,83e9d7b3-c930-450a-8704-bed4702bc62c,83e9d7b3-c930-450a-8704-bed4702bc62c,83e9d7b3-c930-450a-8704-bed4702bc62c,a1bfab82-39c6-4a41-b6b0-a2e3b42224fd"
Mali,"6a269401-c040-4b33-916d-b59e06510afd,6a269401-c040-4b33-916d-b59e06510afd,6a269401-c040-4b33-916d-b59e06510afd,41b6799c-3a4b-4b10-850e-40512c487339,41b6799c-3a4b-4b10-850e-40512c487339,41b6799c-3a4b-4b10-850e-40512c487339,95f5f70d-7972-4ee3-919f-f1b81cc87d83,95f5f70d-7972-4ee3-919f-f1b81cc87d83,95f5f70d-7972-4ee3-919f-f1b81cc87d83"
Mauritius,"d5fedba2-8427-479d-a6da-c242a0df07e9,806d0193-7448-4f02-a0e7-034305366470,806d0193-7448-4f02-a0e7-034305366470,806d0193-7448-4f02-a0e7-034305366470"
Mayotte,b7c14bad-a207-4511-9bc5-ce2da19ef3cf
Mexico,"8652eecc-3fed-4949-bdcf-56cdcb174bc3,8652eecc-3fed-4949-bdcf-56cdcb174bc3,573c3676-a8ee-44c5-87c7-9b3e743188fc,644e4a69-ff8c-4042-9058-0c033292b4fc,644e4a69-ff8c-4042-9058-0c033292b4fc,ec14c4fa-a03b-41ff-9512-88a739d5fb37,ec14c4fa-a03b-41ff-9512-88a739d5fb37,ec14c4fa-a03b-41ff-9512-88a739d5fb37,a7be5184-b507-49d7-9031-6ea49f1ab746,a7be5184-b507-49d7-9031-6ea49f1ab746,a7be5184-b507-49d7-9031-6ea49f1ab746,b8bb58e4-0873-41f2-b255-f8c6820f916a,b8bb58e4-0873-41f2-b255-f8c6820f916a,dd3f4b5a-06ae-44f4-b54a-6af1a04dc208,dd3f4b5a-06ae-44f4-b54a-6af1a04dc208,dd3f4b5a-06ae-44f4-b54a-6af1a04dc208,af09efc2-e867-4fd6-b90d-9ac1c5c2ad46,af09efc2-e867-4fd6-b90d-9ac1c5c2ad46,af09efc2-e867-4fd6-b90d-9ac1c5c2ad46,a86d3d97-3bc7-4f50-8a75-f48c17e2ae77,a86d3d97-3bc7-4f50-8a75-f48c17e2ae77,a86d3d97-3bc7-4f50-8a75-f48c17e2ae77,7caaee8d-61ea-45eb-b4ae-4400122f007d,6a6b06d2-d292-481e-b14b-0a8495d9fe83,b1858314-abd2-483d-b29a-db95371e7df6,fa8435e5-b7f6-4b97-a281-bac0ae167bf2"
Micronesia,"b3571e8e-14a6-4edb-a37c-7a04a68982c6,b05bfba1-bd84-453d-adf5-3ec346c733cc,b05bfba1-bd84-453d-adf5-3ec346c733cc,b05bfba1-bd84-453d-adf5-3ec346c733cc,9e50fdcd-72de-419b-8c2e-19375893a9dc,9e50fdcd-72de-419b-8c2e-19375893a9dc"
Moldova,"2b835b1d-6635-4613-ac65-691f52e5224c,2b835b1d-6635-4613-ac65-691f52e5224c,2b835b1d-6635-4613-ac65-691f52e5224c"
Mongolia,"8e902b0e-fb6e-4a29-aca7-68f4e0362081,2c775331-9a57-440a-bbb2-bdbd710fdce1,2c775331-9a57-440a-bbb2-bdbd710fdce1,2c775331-9a57-440a-bbb2-bdbd710fdce1,b4a9e96b-8931-44df-b1cc-919e08b4a31a,823a3c9c-2abc-4644-8581-ef641f314e27,823a3c9c-2abc-4644-8581-ef641f314e27,823a3c9c-2abc-4644-8581-ef641f314e27"
Morocco,"1561267b-045f-4b04-af20-78726e8a2297,eee06061-dbbd-4faa-8af6-f11bcf7d8432,eee06061-dbbd-4faa-8af6-f11bcf7d8432,eee06061-dbbd-4faa-8af6-f11bcf7d8432,d07e2774-6f36-4694-a07d-a5d3762cb407,d07e2774-6f36-4694-a07d-a5d3762cb407,aa7999a1-0ea8-4c41-866a-8d4c8128334e,1efbc5fc-e7c2-4822-95af-8c3a76daac54"
Myanmar,1c853584-8f11-4c4b-b1e6-43e267f2226d
Nepal,"963c01a6-2246-4b8e-8948-32759a346bff,925a1fb6-af43-4ad8-b6fb-cdfa4da10a10"
Netherlands,"ceb93355-c744-4dd3-bf7f-c529e482899a,ada6bb17-cc26-4dbb-9a8d-bb02d73107ae,ada6bb17-cc26-4dbb-9a8d-bb02d73107ae,a48a4c89-1ccc-4979-b305-7e8cccf94b32,a48a4c89-1ccc-4979-b305-7e8cccf94b32,a48a4c89-1ccc-4979-b305-7e8cccf94b32,b7117b81-e167-4f95-8202-c0a594e107f2,acdad42e-607e-4b2f-9b16-ba1d23f77f08,acdad42e-607e-4b2f-9b16-ba1d23f77f08,acdad42e-607e-4b2f-9b16-ba1d23f77f08,9136a6b8-5b3a-46af-87c1-e0eccf30dae9"
New Zealand,bb2b49ba-7bf6-4400-87cc-8857706c1c04
Nicaragua,"b3aa18ef-b075-43c7-82c7-e84b8edbea56,b3aa18ef-b075-43c7-82c7-e84b8edbea56,9c6f11b4-40c8-4995-929c-245c0d647ece"
Niger,"00113207-25ae-4c97-b599-0efd549f6b5c,00113207-25ae-4c97-b599-0efd549f6b5c,00113207-25ae-4c97-b599-0efd549f6b5c,86732d3d-065a-4ea3-8c9c-b828c03650de,86732d3d-065a-4ea3-8c9c-b828c03650de,86732d3d-065a-4ea3-8c9c-b828c03650de"
Nigeria,"8ad826b3-d765-43d7-a316-3c8639d06cd1,97228f1f-b412-4e4c-bd57-9e4c02bbed78,97228f1f-b412-4e4c-bd57-9e4c02bbed78,f1366706-7e3b-46ea-af44-2ca7dc1042db,33ed4e2d-dbc4-4235-aa1b-c293d81cd3a6,33ed4e2d-dbc4-4235-aa1b-c293d81cd3a6,a0ac1232-9f6e-4e69-bc71-3c7bec0c168e,a0ac1232-9f6e-4e69-bc71-3c7bec0c168e,d2e43634-0fc9-47b7-8798-3fe3ed92c103,7269c8db-93a0-46f1-8281-4b8069c61f30,772021d3-e6c3-45e1-8195-fab3fad934bc,772021d3-e6c3-45e1-8195-fab3fad934bc,84753f9f-f16e-4537-949f-30763ac84cbf,84753f9f-f16e-4537-949f-30763ac84cbf"
North Korea,"92f10c1f-63d9-4f2c-9b96-cc142e529729,0553fdb9-cb5e-462e-aad4-4f8aabb6b708,a699cbb0-4f24-467c-bbd6-641e05f528a0"
Norway,"9fd71459-c912-494e-8d39-e19a64a8325a,480a0962-05f3-4091-b793-14b85ea175bf,11785d9d-d1e4-4277-bca1-8e8a08f06253,11785d9d-d1e4-4277-bca1-8e8a08f06253,11785d9d-d1e4-4277-bca1-8e8a08f06253,2b8e5485-56d3-4752-822f-07e2627c4c2d,2b8e5485-56d3-4752-822f-07e2627c4c2d,19665830-b5a7-4d2e-9903-4a24701458ef"
Pakistan,"99fb2e93-854b-4f94-973f-d57767048439,8c5f176b-bae9-4a22-8956-eeea4d0f722c,b9e9e633-1f6a-49cb-9833-cf7d6cbbe82a,653b2c10-509b-4911-b969-c9a15deae3d7,653b2c10-509b-4911-b969-c9a15deae3d7,653b2c10-509b-4911-b969-c9a15deae3d7"
Palestinian Territory,"eb5d4225-2e02-428c-98e4-14fe449c0bbc,eb5d4225-2e02-428c-98e4-14fe449c0bbc,eb5d4225-2e02-428c-98e4-14fe449c0bbc,7f968251-4cc7-4735-9977-bed66eae3394,7f968251-4cc7-4735-9977-bed66eae3394,3d79dd9c-cd14-407f-9a6d-214a781ecde2"
Panama,"ca56e20c-ee06-4e7b-9906-0cb11737ec30,ca56e20c-ee06-4e7b-9906-0cb11737ec30,ca56e20c-ee06-4e7b-9906-0cb11737ec30"
Paraguay,"875e50e0-7b53-4614-b604-c766f133fb9e,875e50e0-7b53-4614-b604-c766f133fb9e"
Peru,"4103a6a5-9a0d-4a9b-8258-30f4041c1f5a,521ccfeb-331b-4b4d-bcf7-a2ff96a1a0e9,bae4702c-ab3e-4573-8f0c-39df4c89bb97,bae4702c-ab3e-4573-8f0c-39df4c89bb97,d850a990-4bf4-4582-a740-1fe013604db7,d850a990-4bf4-4582-a740-1fe013604db7,d850a990-4bf4-4582-a740-1fe013604db7,60241040-f922-40c9-a56e-408242ed8620,60241040-f922-40c9-a56e-408242ed8620,331c8485-a375-4b12-a9e0-fedbddb5a6b2,331c8485-a375-4b12-a9e0-fedbddb5a6b2,331c8485-a375-4b12-a9e0-fedbddb5a6b2,030a54e7-561e-4099-b46a-e42442fd4840,030a54e7-561e-4099-b46a-e42442fd4840,e51ba228-a678-49ac-92b5-52c1fc58f926,e51ba228-a678-49ac-92b5-52c1fc58f926,e51ba228-a678-49ac-92b5-52c1fc58f926,9c67555b-a542-4847-abfb-feac00bd5c55,9c67555b-a542-4847-abfb-feac00bd5c55,3e863738-c72c-4152-9cc8-1bcd262129e3,3e863738-c72c-4152-9cc8-1bcd262129e3,3e863738-c72c-4152-9cc8-1bcd262129e3,5d58a59e-0c6d-4658-916e-22abac9b1d28,5d58a59e-0c6d-4658-916e-22abac9b1d28,af075aa0-1f39-4dad-82c2-dcdd916e0717,af075aa0-1f39-4dad-82c2-dcdd916e0717,af075aa0-1f39-4dad-82c2-dcdd916e0717,27c192a4-deef-4e71-99df-5d6b64eecaa1,6b26ad6e-c871-4347-b941-71824d165896,2f58e3e4-fcf9-4c47-af27-8507b52f7186,2f58e3e4-fcf9-4c47-af27-8507b52f7186"
Philippines,"9d26c7f0-193b-46c9-a789-585e7330c407,3d4d921d-b2e8-4723-acff-b038de845a0e,3d4d921d-b2e8-4723-acff-b038de845a0e,3d4d921d-b2e8-4723-acff-b038de845a0e,b3bbb486-8c29-4dfd-8367-364086ad1910,b3bbb486-8c29-4dfd-8367-364086ad1910,f05ce7f5-a34b-4cf8-9782-178ce107705c,6fde95e9-c4f5-4d1a-a3e2-6963ec5f9cf0,6fde95e9-c4f5-4d1a-a3e2-6963ec5f9cf0,6fde95e9-c4f5-4d1a-a3e2-6963ec5f9cf0,9897ee5f-699b-4a2b-b218-7d3863b65104,76e73f6b-74ac-4132-a900-2f93443e3afb,dbe127d1-1934-4609-972e-e912355583a3,dbe127d1-1934-4609-972e-e912355583a3,dbe127d1-1934-4609-972e-e912355583a3,00907179-6cd6-4b2b-b188-f1feed35251d,ff27cc37-bfe1-46af-8204-a83547b58c78,680d0ac5-ff5f-4dd1-9540-08f9eda4e399,4efc564b-f338-49b0-96ba-f7166738d670,4efc564b-f338-49b0-96ba-f7166738d670,4efc564b-f338-49b0-96ba-f7166738d670,58d85fac-6309-4092-9488-d4882c28bcc8,455032aa-4bae-4a4f-81cd-134231471c0f,c32c68f9-bd79-47d3-a9c8-dca761f99421,c32c68f9-bd79-47d3-a9c8-dca761f99421,c32c68f9-bd79-47d3-a9c8-dca761f99421,502d6a80-af43-4bdb-9f07-b3548cd703b5,b376ed80-6d6d-474e-befc-24d78c470499,df073ff2-f239-4ed8-ac0b-92053d1f3722,d4890390-2dc1-4516-a36c-450e0d1c042e,d4890390-2dc1-4516-a36c-450e0d1c042e,ce44f42d-019c-4dd0-82db-771e8793f6af,ce44f42d-019c-4dd0-82db-771e8793f6af,92412b46-683b-4d8c-b5cc-aa1b6910ac4c,92412b46-683b-4d8c-b5cc-aa1b6910ac4c,92412b46-683b-4d8c-b5cc-aa1b6910ac4c,adf85e21-299b-44e0-b071-2cfb9a6ddc8b,adf85e21-299b-44e0-b071-2cfb9a6ddc8b,adf85e21-299b-44e0-b071-2cfb9a6ddc8b,d4b17ff5-c9ea-43a3-b676-3e9134b6bb62,d4b17ff5-c9ea-43a3-b676-3e9134b6bb62,9c7c551d-b483-43be-92c2-ffe854f01099,9c7c551d-b483-43be-92c2-ffe854f01099,9c7c551d-b483-43be-92c2-ffe854f01099,f713030f-5af8-4ead-a941-8343a7f4ff5c,f713030f-5af8-4ead-a941-8343a7f4ff5c,f713030f-5af8-4ead-a941-8343a7f4ff5c,349c0c2f-4f47-4abf-9fc8-f55f813c2c5c,393d8061-0f19-4a88-b8c3-aee8a5739b38,393d8061-0f19-4a88-b8c3-aee8a5739b38,393d8061-0f19-4a88-b8c3-aee8a5739b38,1f468cf8-e720-4c13-871f-3adb898f0ea7,6a24282c-ba57-4a06-8ed1-d5ea98a4cf47,6a24282c-ba57-4a06-8ed1-d5ea98a4cf47,6a24282c-ba57-4a06-8ed1-d5ea98a4cf47,b6431420-7157-47f2-ac9b-3e20c7afe01f,36629f05-0e2f-4e4c-9878-4fa04bfeb25c,36629f05-0e2f-4e4c-9878-4fa04bfeb25c,e81bccaa-9fb8-45c5-898e-336f19c0f3e0,771c1b8a-9757-44b1-8482-f3291ee36504,ba17fd8b-95cd-47fc-b672-762892c88a02,ba17fd8b-95cd-47fc-b672-762892c88a02,ba17fd8b-95cd-47fc-b672-762892c88a02,aa8dbfd2-0003-4bb3-becc-fc5732107b8e,aa8dbfd2-0003-4bb3-becc-fc5732107b8e,aa8dbfd2-0003-4bb3-becc-fc5732107b8e,2533d11c-7f20-4e02-b5a6-0f4db53ad794,2533d11c-7f20-4e02-b5a6-0f4db53ad794,c5edb68d-03e3-4edf-93fa-e1e5dc4a9b0e,13f18139-9682-45ea-8ec5-ddcb59613c8b,13f18139-9682-45ea-8ec5-ddcb59613c8b,60c92928-eebb-4b1c-903e-50aa2d6a7901,60c92928-eebb-4b1c-903e-50aa2d6a7901,2c2a3418-165c-4f4b-b226-9ab95e8e2c03,01775034-7294-41e9-8e04-0032eee767cd,01775034-7294-41e9-8e04-0032eee767cd,01775034-7294-41e9-8e04-0032eee767cd,a50a2ba1-dc97-4c7e-aec1-35f17a785a4e,a50a2ba1-dc97-4c7e-aec1-35f17a785a4e,a50a2ba1-dc97-4c7e-aec1-35f17a785a4e,1a9fde0f-025a-446b-9a51-5e29fc217eb6,1a9fde0f-025a-446b-9a51-5e29fc217eb6,0dae8254-8e47-457c-b9e2-2420614d8524,883b5746-60db-4cb7-b8e3-988e4fb1874f,0c83ac98-1936-4449-9934-8bfdcabe5fb0,1bc700c3-ed29-4099-876c-7504bb3fca6b,1bc700c3-ed29-4099-876c-7504bb3fca6b,1bc700c3-ed29-4099-876c-7504bb3fca6b,eec54393-186c-49ba-9e4d-8ca92760d2f7,af0a1c1e-83b4-40ba-b229-7dae5bfe6017,af0a1c1e-83b4-40ba-b229-7dae5bfe6017,af0a1c1e-83b4-40ba-b229-7dae5bfe6017,1d6b9a8d-ba1a-427a-9a56-a941d109cb81,1d6b9a8d-ba1a-427a-9a56-a941d109cb81,1d6b9a8d-ba1a-427a-9a56-a941d109cb81,4a8e86cc-735f-460e-8f39-06333ecd8c49,faf25e9d-e4e6-4ec8-af44-ae7cef9015aa,faf25e9d-e4e6-4ec8-af44-ae7cef9015aa,90583d7d-1253-4549-b932-197226aebfca,0ceed768-b9ac-45a6-ad27-fdd3d89635ad,8fa21a35-65b5-4e40-a394-3044d69f083b"
Poland,"ed41f71b-6001-40c1-bbf6-d7dc4213ec75,ed41f71b-6001-40c1-bbf6-d7dc4213ec75,ed41f71b-6001-40c1-bbf6-d7dc4213ec75,9344b0fe-f4a1-40db-987a-ab6244a93605,9344b0fe-f4a1-40db-987a-ab6244a93605,a48d3a79-f096-47cf-9b61-f5487a456479,133b7ae5-95d3-4cde-ac08-e4942c8c306e,a4a3ab1f-cc38-426e-9777-156580b3fd97,d012ca03-84ad-4a02-bcf1-673972da16ed,d012ca03-84ad-4a02-bcf1-673972da16ed,886ecc53-4fe8-49da-89eb-7d5db826d5fb,886ecc53-4fe8-49da-89eb-7d5db826d5fb,886ecc53-4fe8-49da-89eb-7d5db826d5fb,ef35a884-e68e-4c60-be32-edfe741d7cab,ef35a884-e68e-4c60-be32-edfe741d7cab,e5634349-11f7-437b-b155-d0cca2364f14,e5634349-11f7-437b-b155-d0cca2364f14,e5634349-11f7-437b-b155-d0cca2364f14,4eaba275-98d7-40eb-b286-6f52f68aed86,1d2a2f1f-e53b-42fd-b69d-ce40f97814a2,7cc37366-9ca9-4529-b96c-d214b0b1b97e,7cc37366-9ca9-4529-b96c-d214b0b1b97e,13967dc5-a2f6-4dfd-ae51-bb91024d31f8,b1a01b94-5d7f-4f53-972e-c34583ca8820,e5179ee6-baa2-44f4-9202-3c04019518d3,e5179ee6-baa2-44f4-9202-3c04019518d3,055fccbc-b33e-4102-9de6-f13ddd8bea8e,e3db519a-2109-4e7a-bf3a-85581a19dbd5,7be8bb61-661b-41ff-a5b5-50b7d7712094,7be8bb61-661b-41ff-a5b5-50b7d7712094,7be8bb61-661b-41ff-a5b5-50b7d7712094,c079c3a6-c777-41fa-a130-1144dc22957b,c079c3a6-c777-41fa-a130-1144dc22957b,004800d6-e294-4206-83c4-db6e6475105c,004800d6-e294-4206-83c4-db6e6475105c,004800d6-e294-4206-83c4-db6e6475105c,b76fd861-085d-4b78-a773-36a5195bc3f6,b76fd861-085d-4b78-a773-36a5195bc3f6,b76fd861-085d-4b78-a773-36a5195bc3f6,800acb9c-ec7c-4987-8a96-166eddd2016f,8e051fc8-425b-45b0-a030-f1af3a2b2805,330c19a4-7d62-4a34-b22b-0de7b1249dc0,11080a97-7e34-4cb9-8475-a1c50543a2a3,ad8f3390-19a2-4ca8-96aa-5f33bb689c67,ad8f3390-19a2-4ca8-96aa-5f33bb689c67,7ec4eed3-c8a2-4fb6-8dc7-d6e9b83e3324,7ec4eed3-c8a2-4fb6-8dc7-d6e9b83e3324,2c580b6b-c6c4-4202-bc68-f752d75d3808,bed537d8-4319-4aa4-8e65-f540a5815fa5,bed537d8-4319-4aa4-8e65-f540a5815fa5,d4efc48f-44b8-4089-85a1-3eeffd82df2c,d4efc48f-44b8-4089-85a1-3eeffd82df2c,d4efc48f-44b8-4089-85a1-3eeffd82df2c,601ddb03-0ba0-458f-b68f-cfd81f19f373,bf1118db-1693-4c2f-8b14-6c019dee953f,d54b9b6a-e85b-45fe-9ec2-35a2f777f8b6,19a57c5d-4ab7-4357-88ce-4808e40f4298,bd355ab3-adae-4fb3-916a-b4e314401bd1,2d16de51-63a4-48b1-970b-ab3275d54b0c,2d16de51-63a4-48b1-970b-ab3275d54b0c,fc007ec1-d43b-4bb3-b06e-e0820ec664f4,fc007ec1-d43b-4bb3-b06e-e0820ec664f4,fc007ec1-d43b-4bb3-b06e-e0820ec664f4,5709634e-4987-459b-bba1-90efa7b40c02,26968e13-f121-4809-8f72-e49649d40a2f,26968e13-f121-4809-8f72-e49649d40a2f,26968e13-f121-4809-8f72-e49649d40a2f"
Portugal,"17575c70-b8ca-4427-9afa-6c639f1c977f,17575c70-b8ca-4427-9afa-6c639f1c977f,2fff97fd-a825-4882-b435-7dd46315caff,2fff97fd-a825-4882-b435-7dd46315caff,2fff97fd-a825-4882-b435-7dd46315caff,65d22a8e-4fca-438a-969f-9b26ee398423,911b9bee-ee72-4bd2-ad8a-fb17e6e92bc3,911b9bee-ee72-4bd2-ad8a-fb17e6e92bc3,911b9bee-ee72-4bd2-ad8a-fb17e6e92bc3,7563863f-33e7-445d-bf56-6cdfdde3a18c,7738642d-13a7-43ae-8e72-2b73e71004ed,7738642d-13a7-43ae-8e72-2b73e71004ed,6a4a5624-3253-487f-98d1-c2b8adb2564b,937aa5fb-3918-47fc-b4db-8d3064874804,fcecf796-fc0d-43dd-9352-fe108b57c783,fcecf796-fc0d-43dd-9352-fe108b57c783,fcecf796-fc0d-43dd-9352-fe108b57c783,f62e7eeb-3386-4827-ba42-a8a0b94d3a32,f62e7eeb-3386-4827-ba42-a8a0b94d3a32,f62e7eeb-3386-4827-ba42-a8a0b94d3a32,8afdceed-652a-4c51-90d2-b370b9103954,8afdceed-652a-4c51-90d2-b370b9103954,ba02d510-7058-4025-b867-412e48b07b7b,ba02d510-7058-4025-b867-412e48b07b7b,4854a07c-2f31-43e9-9bc3-c0ecccd14d8c,3a2c59ef-56b3-4e92-a8c6-7939b53a9e89,3a2c59ef-56b3-4e92-a8c6-7939b53a9e89,cf74223a-75ec-4c8e-8121-9137b5285643,d1dbca06-6213-4f30-af93-6b347f1d0794,5ddbd098-72d6-479f-8254-bd3088fca459,5ddbd098-72d6-479f-8254-bd3088fca459,5ddbd098-72d6-479f-8254-bd3088fca459,e0a73290-87a6-4f97-84f2-4ef01bd4dac5,b8bf793b-a989-4bfb-8b15-69251f0b67ea,b8bf793b-a989-4bfb-8b15-69251f0b67ea,1c2c3b71-68b3-488e-b899-db6352428afa,5106d332-7434-45f6-80b8-c6f2ff73feb5,5106d332-7434-45f6-80b8-c6f2ff73feb5,29f0f560-b37a-45c0-a968-f2018669df68,29f0f560-b37a-45c0-a968-f2018669df68,05ae5642-1ba7-4781-97fb-04c4cab05e68,05ae5642-1ba7-4781-97fb-04c4cab05e68,05ae5642-1ba7-4781-97fb-04c4cab05e68,3250f1ea-1fa1-4bba-abaf-794af61f073b,e8fe1e72-53bf-4212-b8c9-815ea33c8c83,e8fe1e72-53bf-4212-b8c9-815ea33c8c83,e8fe1e72-53bf-4212-b8c9-815ea33c8c83,1d59df51-1a82-41d5-9542-0e9ea760b3b0,1b5689cf-85ee-4178-9cdf-8eef2bdb1d2c,58b00cc0-b370-42ec-a995-321ad864a5c9,58b00cc0-b370-42ec-a995-321ad864a5c9"
Russia,"1f267cee-aeff-4e48-894a-2b9ceaae7a43,adaed2a5-9ad7-4613-8d52-2c5b584fbfe1,adaed2a5-9ad7-4613-8d52-2c5b584fbfe1,adaed2a5-9ad7-4613-8d52-2c5b584fbfe1,48c1ebc2-e385-4878-9c0d-6411f0b3e209,91d2ae8e-d686-45f9-92c4-89df0e8c3273,e2c06d2e-f232-4f5c-bea4-d01ca629685f,52a3d241-fc91-447f-98d3-9afb1444667f,52a3d241-fc91-447f-98d3-9afb1444667f,52a3d241-fc91-447f-98d3-9afb1444667f,b2b60e80-acfa-42fb-a8e2-234030b00583,db992a12-24ce-43bf-a305-df812a85a8fb,7924bb10-2e5f-4e6a-99f2-192215d827c2,012a9b60-4eb6-4e33-8bd2-cee4b9fef98d,012a9b60-4eb6-4e33-8bd2-cee4b9fef98d,a63d3f32-be32-4827-927e-52da0dd31df1,a63d3f32-be32-4827-927e-52da0dd31df1,49746e69-53d6-465e-847a-46b7c4f88a7f,eb13d0f3-d8d6-44be-b42e-4a150a66a905,3a80684c-754b-401a-82c1-f26255140aac,3a80684c-754b-401a-82c1-f26255140aac,3a80684c-754b-401a-82c1-f26255140aac,28f68cb5-920e-476f-988d-9cebcd71e4a6,7c57a42f-bf2b-4231-97a5-1c1dae610a0c,7c57a42f-bf2b-4231-97a5-1c1dae610a0c,7c57a42f-bf2b-4231-97a5-1c1dae610a0c,3466c703-411d-4b8a-90cf-cb0c38422cff,391f3549-926e-4713-9779-b65a16579ebe,391f3549-926e-4713-9779-b65a16579ebe,391f3549-926e-4713-9779-b65a16579ebe,10155e28-3774-49c3-a1d1-7f25138e689c,24462f71-98ca-4cc6-8172-f38dfc39667a,24462f71-98ca-4cc6-8172-f38dfc39667a,baf7358b-2892-4b2f-981b-e9ae430b4641,0af2e562-111a-4cab-a948-52b0ca23f4ac,c4953b38-5785-4132-839f-2ca60ceec9e2,ea2ecff0-f735-4fbb-a30d-a34a242bb5a0,ced9c51c-f153-48d1-910b-c0a1115720e0,ced9c51c-f153-48d1-910b-c0a1115720e0,b14e56e2-06ba-41d7-ab62-d49e77ab952b,b14e56e2-06ba-41d7-ab62-d49e77ab952b,b14e56e2-06ba-41d7-ab62-d49e77ab952b,5ec9fc9a-014f-4898-991a-1fa74ce6dbf9,5ec9fc9a-014f-4898-991a-1fa74ce6dbf9,fa2dcf86-268e-40ac-8d2d-dfd8f23e9b1c,fa2dcf86-268e-40ac-8d2d-dfd8f23e9b1c,ce933746-6281-4019-98ef-71a023cbb881,8f9658ed-bf12-4d6e-88b7-cb0e2edeedb9,8f9658ed-bf12-4d6e-88b7-cb0e2edeedb9,8f9658ed-bf12-4d6e-88b7-cb0e2edeedb9,6d95c543-68d3-44b7-b9b7-4ae5ff136f3f,51e0e8dc-06c4-4cc0-954e-fd2a16411868,51e0e8dc-06c4-4cc0-954e-fd2a16411868,51e0e8dc-06c4-4cc0-954e-fd2a16411868,f0dc6815-bede-42d8-8a0f-13b6b3de983e,f0dc6815-bede-42d8-8a0f-13b6b3de983e,f0dc6815-bede-42d8-8a0f-13b6b3de983e,d926b8aa-5e15-4407-8876-99f71ac15505,34e6aa38-0f19-492a-8030-90bb8577c5ff,6838c22b-cc03-4eba-958c-362f0165f616,6838c22b-cc03-4eba-958c-362f0165f616,6838c22b-cc03-4eba-958c-362f0165f616,070cb546-5610-43f3-a004-56c233a9a741,4a64997a-aa91-4e64-8e08-b9683e8e7687,4a64997a-aa91-4e64-8e08-b9683e8e7687,7d1e2ffa-df50-4297-9260-d76ea0579b80,7d1e2ffa-df50-4297-9260-d76ea0579b80,7d1e2ffa-df50-4297-9260-d76ea0579b80,12cf1c4e-acbe-4b15-85b4-7d615896e43a,57b6651c-d4b9-4578-a8ab-a1d635a53fa4,57b6651c-d4b9-4578-a8ab-a1d635a53fa4,c2719d73-19b6-46d0-8b74-0dd833d5f23c,c2719d73-19b6-46d0-8b74-0dd833d5f23c,82d9dff6-314b-412b-bca1-0330aaf14fe6,82d9dff6-314b-412b-bca1-0330aaf14fe6,3962f7a7-ad4a-4428-bff9-152264237e73,3962f7a7-ad4a-4428-bff9-152264237e73,3962f7a7-ad4a-4428-bff9-152264237e73,b6de5fad-5f26-4115-a5f7-005169c5544f,b6de5fad-5f26-4115-a5f7-005169c5544f,b6de5fad-5f26-4115-a5f7-005169c5544f,35a18806-c0c1-4cbb-b714-704673fb5c25,6b2a53ec-04b8-4fb1-968c-8540f05ed1c2,3a32c9aa-c224-4e01-bec2-a995b7339ce5,3a32c9aa-c224-4e01-bec2-a995b7339ce5,18555a98-94ee-4f7f-8ecd-90cd897d4244,34d6c04a-62d7-4bf6-bec5-b75fe4eff7cd,22f8ae07-42e7-45d1-a044-38eb88fe6e40,98da6fad-8e65-4837-843d-99266cb86e55,98da6fad-8e65-4837-843d-99266cb86e55,98da6fad-8e65-4837-843d-99266cb86e55,dd888b1d-6c19-4f43-844c-b0a86e275f80,dd888b1d-6c19-4f43-844c-b0a86e275f80,dd888b1d-6c19-4f43-844c-b0a86e275f80,7439bbf7-9c15-4e40-bfee-caa4be94627b,7439bbf7-9c15-4e40-bfee-caa4be94627b,7439bbf7-9c15-4e40-bfee-caa4be94627b,4e082e1a-212d-4d01-bdfb-113afb471885,388420e2-ace7-4925-ba78-8ea7c46ae16a,388420e2-ace7-4925-ba78-8ea7c46ae16a,ccc5c0cc-4c65-4145-a667-8c07bbb2ac9c,4f1f95d7-2688-4f1d-a84c-c2e61849999c,4f1f95d7-2688-4f1d-a84c-c2e61849999c,4f1f95d7-2688-4f1d-a84c-c2e61849999c"
Saudi Arabia,d12bed1b-9182-4ccf-a367-222cb737eaec
Senegal,"af59bf7e-b58d-468a-852d-2111ef8530e5,af59bf7e-b58d-468a-852d-2111ef8530e5,af59bf7e-b58d-468a-852d-2111ef8530e5"
Serbia,"b695f747-b78a-4c11-ae39-205c029ca746,e568e4c9-6aec-4e67-ba04-5d93b248487e,e568e4c9-6aec-4e67-ba04-5d93b248487e,e568e4c9-6aec-4e67-ba04-5d93b248487e,0cf6f125-3de2-4eca-8d20-196bb04f2ce3,0cf6f125-3de2-4eca-8d20-196bb04f2ce3,0aa6eb41-a2d0-4f29-abef-a483b8a5b72b,44ff062d-eecc-4933-8a0b-6f55a588ed6c,44ff062d-eecc-4933-8a0b-6f55a588ed6c,c15e596a-a896-48b3-8c40-1f7df615c560,f05a0628-d86e-4b74-8c75-826f3b4a4c66,f05a0628-d86e-4b74-8c75-826f3b4a4c66,45e1baea-7a1c-41e1-a3b5-41e9cb7db0e1,45e1baea-7a1c-41e1-a3b5-41e9cb7db0e1,45e1baea-7a1c-41e1-a3b5-41e9cb7db0e1,4de9e43b-cebc-425c-a7ec-73868611689f,4de9e43b-cebc-425c-a7ec-73868611689f"
Sint Maarten,"99e69928-088c-475e-a949-d1e649c49b3d,99e69928-088c-475e-a949-d1e649c49b3d,99e69928-088c-475e-a949-d1e649c49b3d"
Slovenia,"8a4c8cfc-f00b-41ef-ba93-b36921a64d46,8a4c8cfc-f00b-41ef-ba93-b36921a64d46,7a895393-6701-4e49-aeca-d45c60015029,a13f14c3-c440-4f1f-90dd-091af638757f,a13f14c3-c440-4f1f-90dd-091af638757f,a13f14c3-c440-4f1f-90dd-091af638757f,59ca2a8f-e3ce-4e07-82c3-6bd241be32e0"
Somalia,"1db68d8d-04d2-4399-9e37-c9a47ce386b2,1db68d8d-04d2-4399-9e37-c9a47ce386b2"
South Africa,"aa1cef85-8bea-4cd3-b80d-ff5792238dae,3058b09c-e49d-4845-bb03-e1daa1ea6698,52398a38-f406-4122-a67b-79797a34fc09,52398a38-f406-4122-a67b-79797a34fc09,fd657260-d214-49e2-9575-825e2c107e7b,fd657260-d214-49e2-9575-825e2c107e7b,493e6a1d-ac36-4eb3-8fee-7ca24e444334,b79eaaec-6038-43ab-bc93-acd363266001,b79eaaec-6038-43ab-bc93-acd363266001,b79eaaec-6038-43ab-bc93-acd363266001,af045a3c-06da-42a6-8df3-b3a14fc98176,ee87decb-0122-4171-8de0-57076be107b6,ee87decb-0122-4171-8de0-57076be107b6"
South Korea,"02dab2ec-6ae2-442b-9533-5054a17e231d,265c7a95-8fa6-49af-bb5e-dbfe487c91da,265c7a95-8fa6-49af-bb5e-dbfe487c91da,265c7a95-8fa6-49af-bb5e-dbfe487c91da,e9782ead-322b-4d39-b148-71ec778560df,e9782ead-322b-4d39-b148-71ec778560df,9b331d31-9178-4eb9-bead-2a90b604a957,9b331d31-9178-4eb9-bead-2a90b604a957"
Sri Lanka,5e199ed0-66d0-41ca-a858-19cbc59a88dd
Sweden,"d94d90ba-ef5d-49e5-9c85-14bfa2252986,d94d90ba-ef5d-49e5-9c85-14bfa2252986,d94d90ba-ef5d-49e5-9c85-14bfa2252986,68db2787-47ca-4dbf-8760-c12651ba91e6,a005241f-78e2-468c-b4ad-eee99bb49d87,a005241f-78e2-468c-b4ad-eee99bb49d87,6bb64346-a8e0-4d7c-8252-ed586e3ccfed,10762ee4-a5b4-4fa5-8315-5ba22ca42db8,10762ee4-a5b4-4fa5-8315-5ba22ca42db8,10762ee4-a5b4-4fa5-8315-5ba22ca42db8,05772d2e-b768-4f6d-b6f2-6aa3339e4db7,05772d2e-b768-4f6d-b6f2-6aa3339e4db7,16193b77-e5c6-4138-b198-f460b79382ee,16193b77-e5c6-4138-b198-f460b79382ee,719aa42b-da06-4a40-ba73-b45b4981260a,1f17ae57-8604-47cf-847e-03bd1182164d,1f17ae57-8604-47cf-847e-03bd1182164d,1f17ae57-8604-47cf-847e-03bd1182164d,59b9c4d6-be50-424b-9888-3f05b48bb2ad,a24d0870-a7e4-406d-b487-f385e034d2d6,a24d0870-a7e4-406d-b487-f385e034d2d6,a24d0870-a7e4-406d-b487-f385e034d2d6,d3b514d0-72b2-4ae0-9864-582fb96b329b,d3b514d0-72b2-4ae0-9864-582fb96b329b,d8b33e8b-f4fa-482d-8a32-0236382541a0,d8b33e8b-f4fa-482d-8a32-0236382541a0,d8b33e8b-f4fa-482d-8a32-0236382541a0,0cef481c-6631-4c17-b889-baf883587d90,0ebbc927-88ad-419a-96b9-46955c6499a1,01770a62-6e41-4692-9e8a-6bbe079b5f89,01770a62-6e41-4692-9e8a-6bbe079b5f89,dfe5a5b8-6c12-4755-b0dd-8a62134eaf2b,dfe5a5b8-6c12-4755-b0dd-8a62134eaf2b,86b6910a-f5ec-4f07-9fb0-be7d036ca865,3079a113-964c-41b5-be37-11e1ad2d74a9,3079a113-964c-41b5-be37-11e1ad2d74a9,b883041d-bf99-41be-9f26-da1247acc3e7,b883041d-bf99-41be-9f26-da1247acc3e7"
Syria,"a30877e1-ec65-4081-bc1b-5ded87584b04,a30877e1-ec65-4081-bc1b-5ded87584b04"
Tajikistan,"8886ca60-2009-4b2e-a935-0a44d650ea1c,8886ca60-2009-4b2e-a935-0a44d650ea1c,2128f16a-6ba2-4799-8db8-213b1411a459,2128f16a-6ba2-4799-8db8-213b1411a459"
Tanzania,"8dab49c3-4aff-4221-9b2d-d5440195c178,2ae88b25-2cc6-4567-a6c4-a43332498448,668c2390-e897-4c74-bd55-fa05211c656b"
Thailand,"fba40d38-45b3-4c7e-a1b8-d9b23714e58f,031d2157-60f5-4dac-9b18-b86c03fbda1d,04b26cb1-8b07-4499-b867-baa1ce6d81bf,9fa6ff90-c38f-47d8-87e7-dfb8a8900e11,3c53386b-c04d-4167-b894-65c7dec03303,ac11af0b-ab2c-427c-bfcc-669d9e4baa5e,ac11af0b-ab2c-427c-bfcc-669d9e4baa5e,b05aef14-584b-46cf-a7fe-2d7ec817df49,9ef1103b-9952-4d4f-a003-977de8777c00,b8184fb7-13c4-47e5-b887-ad50db6a7978,b8184fb7-13c4-47e5-b887-ad50db6a7978,bdd70dd2-6671-4e4f-86da-04ff05119a50,bdd70dd2-6671-4e4f-86da-04ff05119a50,bdd70dd2-6671-4e4f-86da-04ff05119a50,ced98f3a-d362-4c7a-8361-6de613e62e23,ced98f3a-d362-4c7a-8361-6de613e62e23"
Tonga,"afc38b83-b913-46e9-b0d8-318a2af5201a,10ab3341-63b2-4bc6-bcb4-a41a41961b65,10ab3341-63b2-4bc6-bcb4-a41a41961b65"
Tunisia,"11020096-6357-41e1-bbc9-077cb34ed876,11020096-6357-41e1-bbc9-077cb34ed876,99d9a83d-920e-4df4-95c0-9bf5cdc5284f,2b549d2f-7a8d-4943-a51c-86742234c5e9,2b549d2f-7a8d-4943-a51c-86742234c5e9"
Uganda,"1308c26c-063d-4e69-93cb-5f1a290fb4a6,928ee5ef-c509-4582-b84a-ef7c5ddfc4d1"
Ukraine,"d6cbb190-a507-4fea-abd7-374356e64454,c51a92ab-2a06-4999-85e4-b5384bd4a128,c51a92ab-2a06-4999-85e4-b5384bd4a128,d340fd7b-e900-434a-aa8f-8be8fdcb094a,2b2b01c1-29e4-4410-bd16-328e785649f4,2b2b01c1-29e4-4410-bd16-328e785649f4,4eb71958-e01f-43f1-997d-927e3a3a8f77,2c22dd0c-ccfd-4b14-8c98-4eb42fef060f,1ef7fa8e-9ee3-4851-ac84-80c7d7a0b699,1ef7fa8e-9ee3-4851-ac84-80c7d7a0b699,a7639588-17c5-4e3b-82c7-1a5a7cb8116d,1b5ff1ae-ef1d-456a-9575-3fd489fd6f9b,1b5ff1ae-ef1d-456a-9575-3fd489fd6f9b,1b5ff1ae-ef1d-456a-9575-3fd489fd6f9b,48603cc0-0b99-4b9b-b792-312319256728,dccbeda7-c944-4a8d-950b-a1c3611bf63b,dccbeda7-c944-4a8d-950b-a1c3611bf63b,aaf97910-4a27-4f3d-a93e-26c5b43a83aa,aaf97910-4a27-4f3d-a93e-26c5b43a83aa,aaf97910-4a27-4f3d-a93e-26c5b43a83aa,beebd542-e4a6-4706-a35e-e8b56cb565a6,1a884c88-d079-49a9-ae12-c5f669a40c61,1a884c88-d079-49a9-ae12-c5f669a40c61,e523b99f-2dbc-47e3-974a-07d41b37fcea,e523b99f-2dbc-47e3-974a-07d41b37fcea,e523b99f-2dbc-47e3-974a-07d41b37fcea,5156d749-7e1d-428b-9530-b9bfaf035f59,5156d749-7e1d-428b-9530-b9bfaf035f59,e4dd4790-d8af-4248-bb72-3f879f53e190,e4dd4790-d8af-4248-bb72-3f879f53e190,e4dd4790-d8af-4248-bb72-3f879f53e190,b1d62866-883c-4947-aed6-8b6b7ad82a76,b1d62866-883c-4947-aed6-8b6b7ad82a76,b1d62866-883c-4947-aed6-8b6b7ad82a76,32dcee73-61da-4ef8-9013-47bc256df53e,32dcee73-61da-4ef8-9013-47bc256df53e,0aaf6ab4-379f-4dde-a7c5-0ab17767f09b,0aaf6ab4-379f-4dde-a7c5-0ab17767f09b,0aaf6ab4-379f-4dde-a7c5-0ab17767f09b"
United Kingdom,03101376-af29-4716-bd3f-ffb2ea676121
United States,"3584e0ef-a9bf-465d-85e1-15549e735427,3584e0ef-a9bf-465d-85e1-15549e735427,3584e0ef-a9bf-465d-85e1-15549e735427,8c074c8e-a822-427c-84e3-d04b28d3f20f,8c074c8e-a822-427c-84e3-d04b28d3f20f,8c074c8e-a822-427c-84e3-d04b28d3f20f,b9a11f78-509c-4dad-b2cc-2677eaf0fc0a,b9a11f78-509c-4dad-b2cc-2677eaf0fc0a,b9a11f78-509c-4dad-b2cc-2677eaf0fc0a,b7002ec4-0296-4cb0-986e-e3f6934b467d,b7002ec4-0296-4cb0-986e-e3f6934b467d,b7002ec4-0296-4cb0-986e-e3f6934b467d,71bc1481-c2d3-41a4-b85e-b6b0bf1de3ae,043e77f9-d925-48e9-8f74-ceb64c4ec485,043e77f9-d925-48e9-8f74-ceb64c4ec485,043e77f9-d925-48e9-8f74-ceb64c4ec485,66efb8e1-8cb1-4aaa-94e7-8c60ebfcdc5a,66efb8e1-8cb1-4aaa-94e7-8c60ebfcdc5a,66efb8e1-8cb1-4aaa-94e7-8c60ebfcdc5a,9e180234-88b4-4cf9-8b60-7e2c7d71fee1,86098126-3139-4167-b64a-1ce55adc3871,cc72a6e0-9d8e-4539-a20c-fef8859deee6,cc72a6e0-9d8e-4539-a20c-fef8859deee6,cc72a6e0-9d8e-4539-a20c-fef8859deee6,39f93bb3-81b5-4b79-aeec-dc58625a6c9f,39f93bb3-81b5-4b79-aeec-dc58625a6c9f,39f93bb3-81b5-4b79-aeec-dc58625a6c9f,62a261d0-3871-4754-8f7b-751da03b9ce3,62a261d0-3871-4754-8f7b-751da03b9ce3,62a261d0-3871-4754-8f7b-751da03b9ce3,15f7617d-40af-4b08-b144-16a9dcea8134,91cf2719-b39a-4098-9fdb-66f1d2eb0d6a,43f95d77-e06b-499e-bb6b-f57b8e2e4511,f01676c5-e0d4-48fe-9a58-0a8c76651e31,f01676c5-e0d4-48fe-9a58-0a8c76651e31,f01676c5-e0d4-48fe-9a58-0a8c76651e31,466d8076-ee26-4571-a379-707e35d87401,edc973b6-38a4-48bf-af1e-fa0f3b0146a3,edc973b6-38a4-48bf-af1e-fa0f3b0146a3,10e35e6e-2958-443e-bd37-a182985e61c7,10e35e6e-2958-443e-bd37-a182985e61c7,10e35e6e-2958-443e-bd37-a182985e61c7,4faf0981-e3f4-4201-83ce-dce021d7af43"
Uzbekistan,a48a1a9c-c73a-4f0c-b627-fa50a57c7e1d
Vanuatu,44ef9eb9-d19c-4d8d-b972-11d405c3f69a
Venezuela,"3fa254d8-7e8c-49a8-bf3a-ece3e847a965,4fa2e93d-44a8-4f89-903b-c3ed3a1bf687,4fa2e93d-44a8-4f89-903b-c3ed3a1bf687,4fa2e93d-44a8-4f89-903b-c3ed3a1bf687,0e8bb8ed-3438-45fc-abdf-266052e4bc2f,38b92605-ce1a-49b7-9359-6544d78fcd70,38b92605-ce1a-49b7-9359-6544d78fcd70,38b92605-ce1a-49b7-9359-6544d78fcd70"
Vietnam,"5ffe77ed-b55a-4450-a0e5-04f860c44d91,701a3562-e8c9-42e7-944f-ddf3681f6f6d,701a3562-e8c9-42e7-944f-ddf3681f6f6d,701a3562-e8c9-42e7-944f-ddf3681f6f6d,15528a47-0301-4725-aba7-ade060b19eb0,15528a47-0301-4725-aba7-ade060b19eb0,2ba2c5c7-a63d-46aa-bc14-1dbdde4d269a,2ba2c5c7-a63d-46aa-bc14-1dbdde4d269a,2ba2c5c7-a63d-46aa-bc14-1dbdde4d269a"
Yemen,"18bb65c8-9ea2-41a0-bb88-77c1c8721629,18bb65c8-9ea2-41a0-bb88-77c1c8721629,18bb65c8-9ea2-41a0-bb88-77c1c8721629,541f9e61-0024-4af6-a461-63f4d52fe237,541f9e61-0024-4af6-a461-63f4d52fe237,541f9e61-0024-4af6-a461-63f4d52fe237,651762a9-c715-4ea3-b81a-99097e11b19d,651762a9-c715-4ea3-b81a-99097e11b19d,d19b9e77-5127-4507-a851-615b26614787,d19b9e77-5127-4507-a851-615b26614787,d4f7c516-2f86-400b-a574-4c017e549f95,98b66695-97e1-422c-beb5-f1af481df425,98b66695-97e1-422c-beb5-f1af481df425"
Zambia,"793c795d-be00-42cc-9c0c-56df19f11f53,7034d6a7-5088-4f78-8673-59ba21d43adf,7034d6a7-5088-4f78-8673-59ba21d43adf,7034d6a7-5088-4f78-8673-59ba21d43adf,6904d851-2428-46d0-b5c4-8b5810600b11,6904d851-2428-46d0-b5c4-8b5810600b11,6904d851-2428-46d0-b5c4-8b5810600b11"
